crim,zn,indus,chas,nox,rm,age,dis,rad,tax,ptratio,b,lstat,medv
1.0946264712323415,0.0,16.526762556464647,0,0.6355041632153846,4.006312828884317,59.675160688116875,1.4254975284567337,1,608,13.541374630536911,22.998698029565332,15.099560355641845,33.430672387237195
1.11792292727248,62.5,22.525596867004435,0,0.5401636989437977,6.476770259427466,49.20502021321089,5.913022009758156,6,536,15.364812642965028,134.20797651950505,7.172664729829583,50.0
1.0290118315672472,0.0,24.780246628822045,1,0.8884488735543921,5.579191257713237,40.60614103447209,10.18477482890448,24,502,17.4072489634183,361.135346774805,28.04948017042736,35.280390591668215
0.7575726860289749,62.5,16.22516418304037,1,0.7852166161303213,6.635629254186351,28.04704876906498,10.323723492770739,4,487,13.30808557497722,330.72641202992173,36.54436782588131,47.21718755523377
0.5936762520964992,0.0,19.665464258619874,0,0.38806545269317827,6.865189271835369,71.57437614093787,5.448285393529169,2,166,17.575721802733682,229.68502792448646,30.75994700042041,47.985034016331966
1.0116744270321223,25.0,1.2836372476035582,0,0.5500736360766333,6.979543177814368,33.11512939858727,4.31772787882764,8,712,14.633201212117953,193.84934418984145,31.35906673719579,47.0614482597358
3.486290083898491,0.0,10.96910427371658,0,0.5585824779379924,7.421318340184972,85.25897656553775,6.572615888747005,6,738,14.539611249423618,397.1407648267971,34.612795321056886,41.82843802403163
0.6861559475991822,100.0,7.5625011608703465,0,0.5172700673707714,7.065449842654113,59.44392067702269,10.157975275569314,1,466,21.479442074063794,288.8782238076509,31.28992138049468,50.0
0.32753016137368907,0.0,20.69254068293034,1,0.5973538684053217,7.424684180148815,64.12653929576169,8.001457316448848,4,672,21.92344543838467,381.0540844783249,23.174356843860977,45.657389319846224
1.3151071759570099,0.0,17.100661308241992,0,0.7019247272672792,7.1653422402647315,51.86144262601787,2.537863950254883,5,391,20.114385966009273,28.63408574127333,28.856775288940096,47.428290423528196
0.6080911002300224,62.5,15.553148448314632,0,0.6845338293957917,7.226352301815517,92.99849433590069,4.984573380244136,7,217,12.543919807334017,84.8604625434207,17.222235401943713,50.0
1.1820492041847042,0.0,23.323187851563482,0,0.5142594984801321,6.17139230249156,43.31636572453896,7.109685067106917,6,650,19.286317105437284,12.444414297952022,3.760731060052946,50.0
0.9983249522231055,0.0,2.6772612244953367,1,0.7230273738891135,5.297471498137336,43.84290843504364,6.920886744158892,6,455,13.784257317983176,347.16704587567017,28.517612018446705,36.52059121585694
0.7627634119890531,62.5,23.869111169257028,0,0.47369123919805955,7.937589178137689,89.51542058563935,10.136974220975782,8,714,17.692213137208903,277.6925764661322,29.14477759951558,50.0
0.721491576344072,62.5,2.9687353256459152,0,0.8012807065358283,6.2440670546512145,61.280878254096805,11.253889402247227,4,277,20.937136292090884,71.06066113685495,9.72518102673122,50.0
3.258213268639731,0.0,9.001929898621679,1,0.8786232259584155,7.060095644781964,46.01657414096576,2.105094035927814,7,437,15.801956317441467,389.6762429768509,38.20372098918692,46.956586882166526
0.8290981605117125,12.5,15.941704787530968,1,0.47684199266933713,5.814807618283044,27.69080922263963,3.4684834938047713,5,550,21.288416850672327,382.3188890458816,3.047945872940235,50.0
0.47670503411693654,0.0,8.866166994753165,0,0.7708131316622588,6.874745709781948,26.014355615087933,5.313726017033638,6,232,19.083722173393127,89.83912196988277,29.702402882837458,42.983171265888934
1.1517826572223524,0.0,17.222138818211956,1,0.7880554823146364,4.488525672472024,80.54056274801313,4.260378895961306,7,747,15.010118133576674,258.80390121708416,38.770657156465695,28.150699914233943
1.561764982296007,12.5,19.497756170291378,1,0.5944580247209275,5.912689626299333,29.38767560712457,5.491195444542871,7,515,12.949171988794399,267.2411666942343,13.056841330299237,50.0
0.3509054217569158,0.0,20.79839283356281,0,0.3526483869918265,6.131112241625399,2.562293649729837,1.4479335147675516,24,253,20.153512847683572,1.6067020085795747,36.58615130622683,44.81117293381117
0.9958631793154388,0.0,4.893920672147996,1,0.7717091340595705,6.52382613781363,3.9071426512357172,1.7261459717909649,4,594,16.580594084929952,275.5119169073998,33.231013875988296,40.04767382527894
1.493587513846339,0.0,4.960879056626742,0,0.5444869429395119,6.950417273620776,97.88345593646333,10.221976257307817,3,677,12.726934881599675,88.53607790882165,30.020269145578144,36.74186581791422
0.5642376686050923,62.5,1.7816936842582853,0,0.42484276530105125,5.434099954858779,56.86411778904854,2.128399625230757,6,374,13.03122357135052,360.52750024073566,38.19787114450662,37.01073691743976
1.0905349726864895,12.5,12.525870053217243,1,0.6759901395364677,6.661977732244143,49.924413922220744,10.064826231942245,6,515,21.6696138189548,335.4028530238063,26.508225917527675,45.79346469278218
1.0434284238583724,0.0,3.8695736617266085,1,0.5621628634084586,7.058666883645719,91.95185477261636,4.371632019833386,4,598,14.430019544955663,362.1174338683828,20.30034544226359,50.0
1.6565911594985274,62.5,8.305626288984225,0,0.35254346920810925,7.84213810792798,36.46536510104869,4.401457068777414,24,237,21.665911778573793,303.02158493773874,27.35155985028056,50.0
3.6769918641036314,62.5,21.09064082244078,0,0.8902047774400244,6.6946395886862735,79.90976084621283,2.1082173093948784,8,468,18.81159579697904,65.96217541903368,17.06112791052006,50.0
0.29685559133834727,0.0,23.74214409658325,0,0.4467971221464872,5.878345812963145,72.7373616524536,1.1458971963184856,6,485,15.004911018286691,144.22172519540632,13.670599763102523,50.0
1.4382224272636415,100.0,20.640860710001782,0,0.6065790332877874,5.309764740024217,48.75545526754012,4.908174692899237,6,330,15.837278742434787,283.5725894345678,4.20757937622957,50.0
0.1928543177127906,0.0,0.5158853874801603,0,0.7003729570386144,7.480441608505661,77.91392595095172,10.188925969233814,1,329,19.77038444108001,129.33001730328496,15.742334558005432,50.0
1.2345153733610834,0.0,14.416593912799915,0,0.36905361863921493,6.716139354915059,96.64628198407844,11.11951010991868,6,527,16.35414978925396,284.0131734466966,32.32460728094175,47.385288493268135
0.20421401364000633,0.0,4.583173174389978,0,0.7436460563164553,6.184617057893832,21.659522827132925,1.6774411174336252,7,601,12.747507776642863,134.4634899890418,37.871995742005346,32.228816737961296
0.6977750136247417,0.0,9.705799324565564,1,0.6889732979034753,5.066127194044728,3.7159226211001073,1.339988701861696,24,383,14.298141295696869,71.09178174048338,39.03091698534866,32.41478531279267
0.553041451928831,25.0,10.984014131556798,1,0.5962517383840811,5.548171234371363,82.50253181390134,2.746806821433668,6,237,20.603449729972244,207.26552735581447,9.054508967440583,50.0
1.1867934723612659,12.5,23.602048566394924,1,0.6169979950012086,6.641924202141755,41.55153313879174,9.429187895542654,3,622,18.96174136978153,274.4911038014331,23.28583871706219,38.61496017728127
0.5331393472594097,62.5,16.026598931320294,0,0.8728770164641966,6.44768311688813,55.351444364470794,3.2537104262582224,4,254,17.010161111747664,206.87827491310347,23.454178176332896,50.0
0.6784148205553258,0.0,7.057548773514307,1,0.8465387023613784,4.837567908723482,23.80130743178814,3.5389141183391253,3,151,14.454956686156166,256.7469193197159,7.865854237658139,50.0
0.09585390545459002,0.0,16.24847359551927,1,0.3671899943227724,6.64282878955128,84.49529866158196,10.778369676804182,24,343,16.74590615089997,175.22040724173232,23.683499908008127,50.0
0.8853701266093502,0.0,23.820704200071106,1,0.5212512318401403,5.1020944862460285,72.6782124091257,10.624439426343882,8,640,19.888490577775144,311.33253159333793,15.147750772393717,42.69249694973319
0.3270465163281169,0.0,1.9493985402561236,1,0.6100628590617712,7.147806348021582,95.42992956309021,8.373181413621856,8,604,12.815431971421718,259.98656905788306,37.75385100268002,40.452934566453244
1.1835430959231379,62.5,20.491697862144292,0,0.8519855075410689,6.3459891404334705,48.57468341676905,2.8041515852962684,8,333,21.947678187352217,229.84265363412675,10.95288580880294,50.0
2.4009584876922925,25.0,5.813990114996409,1,0.7899379976724276,5.875604985875491,97.7033712505611,5.19264108616729,2,461,20.597625438589354,174.14868619022425,33.56348662482562,44.24439837664278
0.7659829612859698,25.0,4.251144825566946,1,0.5318896217966484,6.893108037377471,52.06382851144206,3.5979514677501574,8,725,15.179657828482293,214.2910224551822,35.977369504196126,39.82467778623186
0.8651410214705267,25.0,22.522239507499528,0,0.8317262433063874,6.4474495019120495,62.8993649045517,8.390301400274415,8,581,20.705767138822168,20.403888676584714,29.699017965781763,37.83762340457381
1.9814766501335317,0.0,0.5453116964484837,1,0.526894677379274,7.127449325953513,68.06448910252566,9.579241595986906,4,605,18.817145299032962,266.687870673414,9.3724138376891,50.0
0.8484703847416346,0.0,18.656600639135863,0,0.4627157614825857,6.2563329293726975,49.99760266057713,2.5634709421931117,6,202,18.66354427099329,81.76469170616846,11.154393666292279,50.0
1.0491215810514425,0.0,2.6370960422900076,0,0.6659355759345598,6.297173556484,57.152458714954605,10.877514161977208,7,294,13.3970976894423,344.0595841567367,38.873596753319944,40.014174740026334
0.14593266885904368,62.5,15.6408847284951,0,0.513541052888882,6.000324697181464,23.88409234074602,6.091084979022203,24,212,21.058946407051387,324.9375072759889,3.957333578724609,50.0
3.020298079325212,0.0,15.711974084068924,0,0.6734445359535514,6.384076999937014,37.511579697025006,9.74506439944443,3,737,16.50341796921375,211.18186648266112,5.566350380960915,43.291710018800096
0.5103145080700049,0.0,21.63801321254081,1,0.5458104450271347,7.388565615852478,70.79533801904032,1.5680136939615854,24,355,20.032277583398166,338.85242732496636,39.16421964074291,46.406836334139946
0.35908494716840245,25.0,20.65385918212394,0,0.7774614837761293,5.848065080957269,5.82091808175756,4.966393057213814,24,449,14.995237903594095,268.32129752637627,31.29889619343808,43.11288931452724
0.3615703837028195,0.0,17.28652640560793,0,0.8725865840243481,6.653568604531445,70.64048575679294,1.1625904246705772,24,480,15.08003665602498,56.50401795652531,30.10897019134822,37.74759551423828
0.07927339695286574,12.5,9.823415965312835,0,0.46218550732285735,5.583689491894434,31.770013165163864,8.903332045792144,1,463,21.646891799819123,296.30910185167556,7.248102684682314,48.64375910983533
1.6816899682937396,0.0,4.576940802665469,1,0.606006050546569,4.753287517625086,28.63991196467377,1.873960672543037,4,181,16.96659924663433,398.3225862688338,20.068614429530342,45.78337473591652
1.2284848674864233,12.5,16.074231689432473,1,0.7346594611815532,6.345221118259077,69.96186950655587,4.72114370129089,7,695,12.598907133830021,16.390923503103494,33.78974149689791,36.77226580407835
0.844081353817421,0.0,12.675760068343859,0,0.3951114571242898,6.459283796428596,23.064625946634113,9.599235487026872,5,378,20.3570664703205,97.96777386457353,13.825957347159685,50.0
0.9221822067849217,62.5,2.409585425893993,0,0.7775436888464211,6.122964111390261,96.24497671715278,9.238631262762054,2,701,14.272300223497385,239.0962993534258,8.51784016416201,46.39935161265168
1.8770498038176002,25.0,23.91126631648689,0,0.6497831769872564,5.152810520459435,99.08654530388102,8.043185824101268,8,609,20.78753752809025,166.0777813301055,1.4268673929571873,40.66154188359885
2.1632221906597424,0.0,8.2032782378394,0,0.38984431434724887,6.413010752249135,46.89383996944295,8.634227027255278,1,568,21.164398779738246,255.02248261865716,25.27915690956968,46.28176128810703
0.581868529984099,25.0,0.5524487423114801,0,0.8209377520824526,6.386419543897612,41.338996912544715,8.1635445761393,6,571,12.72766013238003,234.56173325551427,12.458602100989985,45.149912669559065
1.1693973295373543,25.0,22.59141244401732,1,0.5560207557154857,5.577853558235199,9.745670727075817,8.054035549075135,24,737,17.82429227574385,315.1957871598038,34.683224648263085,32.566657627484815
0.13852848326532244,25.0,14.637746556831326,1,0.4059716075547893,5.252555899968886,78.26543101182973,4.846201040455396,6,332,21.815241055768464,28.361168056298382,12.05720538362207,47.44319574164403
0.5220185303169109,62.5,18.459986501982776,1,0.4172378186031902,6.023328450605823,17.94695166153133,1.3098227448454116,24,347,21.309196146458653,176.24642797137935,6.91145667519563,50.0
0.3046575151193096,62.5,4.2403228872369265,0,0.7713038398597951,6.657050472744438,93.43869032665593,5.86008434797358,6,552,17.252432860575666,344.02151587592016,38.457452968168404,42.513104898721835
0.4071622194302934,0.0,10.412839013638026,1,0.8614296963509871,6.491658312254394,99.0780884176106,1.5000561674937918,5,289,18.804931952692357,145.10476213878465,38.62630347792587,41.55927782512292
0.34777045599399364,0.0,16.30400013043679,0,0.5269499533524896,5.583414101516146,13.996158448007732,6.15754134636006,3,632,18.042620351590745,201.51552210809817,27.715929305756866,36.95564043694781
2.1323632650297686,0.0,6.648635349997836,1,0.3472968451843397,6.295847559515406,68.93457644508533,6.104868744027323,5,167,14.03253346239703,8.63145051745331,37.207042401254576,41.24255270350295
0.6359297460058484,12.5,17.686724157011867,1,0.3604938476723144,6.820988483832897,47.66721517363727,2.9659369099020116,5,688,18.52997574521571,89.66955803371941,7.311509668702528,50.0
2.181670659391869,100.0,6.223565605509956,1,0.6926871055163106,5.37913400351323,55.032293712630945,9.626877934061046,8,357,15.331411835008133,185.46204863293863,18.95329353884148,50.0
1.8144297910531553,12.5,5.623631764926883,0,0.5224510263538054,6.244208757630236,19.598318606168625,8.746302761014743,24,152,15.37971929195825,159.58725050573744,8.962196747606846,50.0
0.8664681598195325,0.0,0.7848039313793795,0,0.5556788984074762,7.137748686119611,72.90504814560155,7.1549349477103865,1,511,16.199881609405217,285.86195076405716,19.672547069606136,49.00120581483574
0.5263071411365322,62.5,7.406715261156015,0,0.5022284268890633,5.3075474912942715,18.32804665458176,11.18499438133856,2,315,20.52176883337719,244.75199263661779,31.85594195112542,46.11818917771344
0.510529965197828,25.0,6.5450514047305495,1,0.5793231395937468,7.008868403734656,88.75939781888628,4.15905824531232,7,333,14.383458257619075,352.1130088657995,33.95218603300248,50.0
0.23829455679009928,0.0,19.22673563866853,1,0.6861296717280388,7.333431216625669,46.48951220562976,3.8823544361149285,6,438,14.507916667454335,341.90828067896047,1.1624113764402995,50.0
1.0504185813223106,62.5,14.457892701114059,0,0.6246834983428715,6.04445613238038,64.2170737380194,3.0177939710762787,5,497,12.073399136065522,96.4879363065238,16.19063247129463,50.0
1.1584759425606217,0.0,4.856699851435384,1,0.39854485449088656,5.959893966688604,92.33552849073624,6.988837665598699,4,231,13.550068689189363,7.0554916135483925,39.76867879738655,45.096770143844026
0.4712948825628194,12.5,14.41912303824651,0,0.5947731911662824,6.923166093313692,74.3180714706486,3.2589290096843855,4,179,21.786792874049365,341.7883078815049,23.983283510786368,50.0
1.2725816826282141,0.0,6.023367969081888,0,0.5763678354638049,6.069708737479337,55.003092578097,10.5578513624178,6,426,16.33869945506476,131.64834564201317,12.551641258220121,48.828771877556484
0.5061462335580251,62.5,10.924805861327785,1,0.6274423488321846,4.5528113095134355,41.46240948864927,4.347407475321843,1,362,13.951646923141784,138.84388369624,16.17077614162875,50.0
0.5253875060823228,0.0,22.261097512128885,1,0.36640201862423033,6.130843783717294,47.28924195538301,6.400241112596665,8,499,21.65681810756943,63.35791927938965,13.57998611871792,50.0
1.05476501841886,0.0,18.121777378154096,1,0.3921162738256411,6.529282777736194,35.48395984183285,6.824618414231786,5,598,12.271178680369426,277.2029064588931,18.456338771186942,50.0
0.3646182071875958,25.0,16.451950409179965,1,0.6181465068647682,6.718058697507728,94.72601487473571,4.384112021790483,6,518,16.84166386640063,112.0435673443179,18.334978710073784,50.0
0.49760582492303806,62.5,7.396344508392402,1,0.46526102552978,5.5835595846736545,26.78006872646959,9.12261583176657,6,212,20.046021356275162,70.69724042489747,20.76766890270108,50.0
1.4381584791095072,0.0,3.552250789966171,1,0.6774190132268082,6.011139216369174,42.11593569450329,8.61280229857132,4,747,19.728252046136383,201.3562964246313,19.115734280500607,36.83406200100302
0.9170101297404558,0.0,18.947250115348393,0,0.5236508296074962,6.88383508490661,78.26594461580542,9.36892131043369,24,578,13.892172654958195,300.166362368577,21.128433713302883,47.5248529021255
0.9411928747726969,62.5,14.413314421420852,1,0.43244084859926146,6.158000965010664,37.70548391735428,7.665125167700934,7,179,19.07789673377765,107.83943900998732,2.091569062682137,50.0
1.0291228368776641,25.0,15.757624160693812,1,0.6938368729963971,5.12988340422736,88.88786785093569,6.0620052148586545,24,607,18.2228860864585,288.8156003955403,3.1226489626124887,46.222490875386484
0.39881158121326,0.0,24.3902763247892,1,0.5363446017855087,7.066346606734263,25.82111873441079,5.938088061967679,6,678,18.75276216149267,184.79004386842854,15.474614955111132,50.0
0.6863263122271595,0.0,9.033862544096511,0,0.39456748230583477,6.050122284335928,5.07179448752158,8.88188017780312,6,491,14.661048156277367,161.50908929564073,35.51272100543676,42.32644872125482
0.7008608013723876,0.0,20.11831446550177,1,0.7852853875621741,6.963853144026967,63.61760900068314,5.147387651610676,4,649,20.107343880317856,143.80834725446766,31.84245983266178,37.87464448387846
1.5009179807670459,25.0,14.194442601369632,0,0.5590552271643687,5.223180312893415,51.80883885804278,5.809857592234046,6,681,17.592375093087348,58.23238612778394,5.29599203455099,44.124181448483895
0.7021177758041537,12.5,6.26386867521009,0,0.8490422038335861,6.115309276687641,93.43969182930061,2.800382311442378,7,728,19.250780475053347,133.05350673969102,20.298407390990572,36.12383964610184
1.1765553812799445,25.0,1.795764133671497,0,0.4160405571092415,6.556815216574065,43.46696793780425,8.475935019535182,6,722,21.395735098863646,351.7006122509928,24.578903568148096,39.0052674567581
0.7469227774663152,0.0,15.592266853729535,0,0.825810140763884,6.138998596949309,15.287845279903003,1.846172241582725,3,266,20.554972728905284,40.86676978882346,19.766380470568496,50.0
1.5766320691794198,62.5,7.791595341250547,0,0.7895459824194415,5.371895658375305,34.315062650142295,11.895633769685299,4,170,19.8233747052694,383.32000604072107,28.205098842183382,45.89182328428928
0.5751354594479106,0.0,17.539219488781427,0,0.3623494944529385,4.52923768520954,40.53475737612147,2.581113348865772,1,541,14.896487494312627,42.998610995127166,39.89326316549133,25.508158728695562
0.32368545000756577,62.5,17.66781546259085,0,0.6190087893901906,7.266285590652352,59.14691775492887,5.212762357302689,5,557,12.540831126581175,144.81265691974153,4.76249106754968,50.0
1.1766796243244102,0.0,11.658781461573525,0,0.6922097160878682,6.373626741330928,28.901048126739244,3.6155869618810947,7,491,17.746444629894164,242.52246952021767,21.105827226823084,43.05621664588515
1.206945558471653,0.0,13.641729362570148,1,0.597289316836353,7.016760736953797,55.9307053770329,4.197239385822257,24,292,12.345130532193913,335.13656144325944,20.98248705553958,50.0
0.855097824582257,0.0,15.850398012863737,1,0.5341578505115614,6.850068369552314,90.98849482546444,4.54698574234471,3,719,19.141897742187123,57.43312722960159,22.93277311149661,49.12006699980464
0.7504494938885126,0.0,11.980821123101826,0,0.8663052764182222,6.617792778283706,43.5255742802602,8.901703029598169,2,394,19.368216712962706,56.44088962337275,7.51173078333535,48.818697439210666
1.2148398870003605,0.0,21.995579845752264,0,0.7204925158453317,5.975063851397053,65.85381040588786,2.9442420046989377,5,594,17.629112612386606,251.3512498646903,25.895953848579545,32.862362514277045
0.31653951297622157,25.0,2.360397093619155,1,0.8795219265386947,6.54283684794739,24.43206153832801,3.9024219639727393,3,523,13.681519125413429,117.09865296191117,2.7292959809622763,50.0
1.0750690340168365,62.5,24.505544906053753,1,0.8077381865119151,7.202775862459507,80.53005041451019,2.1132669929748857,7,687,20.757214345683764,257.80083880719616,29.903815990341048,46.85044925287488
2.3403736018484866,12.5,1.3195473295028912,1,0.7902788389296935,6.25810764979163,28.427721775285782,4.646059985854844,1,577,17.95921232004772,328.23328117181234,26.863221499964375,40.295192520287124
0.49123807989094187,12.5,5.598360719461413,0,0.7353793741800059,7.531190731079433,58.82067376354456,11.353659176965742,24,530,17.148919500741098,30.74820439501802,13.886523068093862,50.0
0.6947607490956933,0.0,17.853542439031834,0,0.6876475452871601,5.150404679473201,31.424252033803132,5.18119880951671,24,654,17.675917595420547,337.79764923111304,39.57058508290193,26.211962090198337
1.9356005580370943,62.5,2.581526353869467,0,0.8321172546674171,5.075163972116288,8.60543030606101,9.550721344511858,6,182,12.82887086813631,15.034142541776552,33.32235692417595,42.282335923827304
0.8561762041084242,0.0,6.923232452181716,1,0.668045863597838,6.891652650163576,33.32694857498101,6.0787433180010355,24,573,19.404370547389263,359.5304741155252,22.041889766716906,42.823068564477595
1.4854383641952555,0.0,4.272428636697495,0,0.345173040555115,5.626879944435386,22.779004749712225,5.945596527432347,7,501,12.60775583889044,390.24725664001267,39.629905987488655,29.39779936460739
1.121175729371134,0.0,18.227503313497213,0,0.6495381113959809,7.630335844300145,89.48202930345765,10.06368038403756,24,616,17.783881585159083,266.98208098431303,33.37353510540292,40.211892692156475
1.189371016176324,0.0,14.683868087098553,0,0.3617010909520648,7.136138959863061,28.083887234538036,1.2950139893115191,4,284,13.692570870704543,393.70212197766955,6.381113925327973,50.0
0.4679570714197351,12.5,2.0797259889055364,1,0.869580642073456,7.311300054730629,97.49347181335435,10.513751491304278,24,509,14.07701938966334,328.79673685144155,24.051363563387657,49.57224234536839
0.4553505798731016,0.0,11.773288767339372,1,0.6880013856607718,6.819105413885875,50.249889549036794,6.337292967602046,4,320,14.332542507078394,17.746200053525165,23.65344783063503,45.45603939141293
1.3502405516901115,0.0,5.6083217363931155,0,0.6333877700480142,5.554891463430794,23.66436672362962,4.862399037024651,5,220,12.143056384884586,1.5243776809867438,26.46486169706049,42.06159632383084
0.23329457518206642,62.5,24.208615650568845,1,0.4186926796398527,5.038460879905366,40.35172505023817,10.97518446054791,24,495,20.918388311136773,8.319395768906235,37.689507071519714,39.9214111198185
0.7199477847603495,0.0,3.143989709071772,0,0.6094602299248683,7.246706268432316,19.97624951476356,4.73845286950889,5,162,20.042352714898573,180.76278396775228,20.18924461892787,50.0
1.2158467091162037,12.5,15.152351796418863,1,0.5055186022976054,5.15030225579156,83.70095887685447,11.754670905948158,4,205,12.312864476664322,249.35304444706574,4.017877083668795,50.0
0.6919910826115286,0.0,12.305257278247044,0,0.7052317008051846,7.309419981409264,13.756988392034582,11.299921492112501,2,467,12.569860879994668,192.5887290802116,19.693923060488633,49.120603463493836
0.7562599401082803,62.5,14.66307017646033,1,0.6626458784756144,6.668730332160549,87.6057196465505,3.9471553343841617,3,689,19.828768474766946,270.8521303258249,31.723981089690575,43.09584833728751
1.5368920093000809,25.0,23.9340748423006,1,0.5995842540042352,6.146623142325929,6.499870748304645,4.7466299180604965,5,579,12.06803287569701,179.84105364515145,14.985742216948456,50.0
2.095541405013568,0.0,8.861406006503909,0,0.4516446008666105,6.509433379034718,31.36157728987463,9.933843006187566,6,159,16.689989137081483,17.025521244155463,2.0570913309167316,50.0
3.602811194415315,62.5,18.844776143671428,0,0.6154458782406729,6.52570365481437,15.708898583792129,3.1517109049119907,6,215,13.07297254294308,90.46668194040825,12.826485654359068,50.0
1.9746071264012297,0.0,11.462928690800082,0,0.5770181314471349,6.058312727989044,69.15602350023225,9.051467204786746,8,408,17.91632227018558,397.0496946418841,27.603847843415515,40.991694517512705
0.5821417297007465,0.0,16.68865956077562,1,0.8107595264773955,7.197981064443519,52.20752963731802,2.4206626170937557,1,407,21.983404178844072,138.34553507946598,4.35436769534938,50.0
0.40133940250418915,25.0,9.45860988446215,1,0.836602404817671,7.1739806024196735,94.05527813909134,3.2616607942056257,8,173,13.720215155414817,129.90629509789176,15.662627538880693,50.0
0.5887840955065559,25.0,6.064494028681733,0,0.7555494924650457,6.308961511274659,37.885714585903614,6.505563905475345,7,303,21.566838473593954,61.116819607669726,6.192102565032583,50.0
1.2304791407616407,0.0,2.548600804749177,0,0.4917839739673866,5.780003929309787,5.993411163048362,9.204698994980653,8,226,20.65478543935945,394.85748884758385,19.561215077516376,48.05288404120052
0.63850366237521,0.0,2.9929056573615065,1,0.3228537062508922,7.114167831083004,76.64258819312307,9.133715079063006,8,490,21.85854968143781,92.1837286370395,6.519026179111421,50.0
0.4836295428728857,0.0,24.006042809706155,1,0.8552015755463271,4.784207733902827,58.7910636682203,7.698144994714197,24,544,19.661886336025184,258.7306269015413,5.252442025378703,48.31015511828652
2.2687354377829303,12.5,19.817187182032473,0,0.8952073509952017,6.510724824907927,83.08865991395255,3.9932394128549644,2,384,20.56994251453125,16.81898326087814,28.214152885211604,45.530408909820615
0.6220832141561283,100.0,6.501501624289678,0,0.37621245739350484,6.717702575746245,43.7615800632136,5.569156505577614,7,492,17.94597639575326,26.58893202534207,7.162061956843419,50.0
1.1624506623031503,0.0,13.46410730251784,0,0.7113696142699215,5.620153715655391,74.34175381293215,3.708356932425764,24,270,20.672840811745125,286.7006789280074,7.037035988769274,47.694027527019664
1.1406369870310886,100.0,17.998701746576646,0,0.5550879212938322,6.881649841206353,18.76443920264788,4.047191675448765,8,660,13.115122558794127,254.06726513868972,24.10824784317833,49.72069515029161
0.1298912899491404,0.0,9.137178599061071,0,0.3891122429034477,6.181529897078361,99.95360237352043,4.555464227684228,2,152,19.416543043684257,272.06495824826214,2.700158651068092,50.0
2.1766634810879517,25.0,11.27970742491472,0,0.8988607865793403,5.818009914635618,19.01740353717268,7.587324821368746,7,452,18.287235870011575,92.38816285850882,2.28671252320752,50.0
0.2984995787322808,62.5,18.100357029531306,0,0.8599373126770646,6.874256337764571,83.32046151056886,3.283543774062824,8,342,12.598464827378647,393.9555930088963,17.826404488937158,50.0
0.2102072525196378,25.0,6.072630711451776,0,0.8895653257696283,5.440020899911576,22.818940558347165,1.4682647110250733,4,420,14.915903713486511,223.35006486329823,15.238723845757812,42.629272551958195
0.5660479379164582,0.0,13.39543678243312,1,0.386337752622087,6.808435335594716,78.68578249022846,8.61700116979079,7,459,14.161068003725198,387.8192689074754,22.240156684454323,50.0
0.40641959943128236,0.0,5.647160206312691,0,0.5951547151937968,4.812357650326521,86.40273686869236,1.2398704066640232,8,537,16.051754507988505,65.66822119015208,39.745900074319685,29.432995182966337
1.9481432648564823,0.0,0.5754012248803873,1,0.8374644979928185,6.3999931127118375,87.91080880855726,11.678632996449753,6,707,13.983533415237314,162.03980393651193,17.95355334500588,45.09806097385964
1.021595737940806,12.5,17.4114615213426,1,0.7050950674674245,6.230690769349446,48.62040779749129,4.853140612713377,4,486,14.748296441519852,134.27420759538472,23.466276720830464,44.268535914975836
0.5234715701681955,100.0,17.82798906072044,0,0.5607610819749502,5.822212963193968,44.02367136542935,1.072395095511009,6,286,14.960301352428461,302.029970682345,36.850501420982035,47.64110005273134
0.20185562810495047,0.0,24.895206115624546,1,0.6100165445277467,6.472737407522308,83.71153075281217,10.730438425559726,7,464,17.998108951245307,299.0285744420365,19.84398501783396,50.0
1.1103230656533736,0.0,4.934878387672589,0,0.3231609628206337,6.144300909442549,58.78994384917978,7.597849866705107,6,457,13.348737600701366,194.61751732788133,31.463700497313372,41.49677016988602
0.668659758938145,0.0,18.61971796411063,1,0.6669103060885754,6.938286939113883,62.88512948587577,9.991315243251075,7,668,14.41101234722108,6.459201686934524,22.39744890176655,43.43043816794283
1.2218338934381054,12.5,23.725201896884627,0,0.8158293100201572,6.592105692162405,25.134577878444908,5.78527187199562,6,489,15.171480609800987,70.08228367197779,25.85108266512252,40.24055455086211
1.0264448655258749,12.5,16.292218251872093,1,0.30167617592476914,6.516885963012047,45.723387391855454,4.896000713153267,24,670,16.490679382760728,20.10626684386554,37.36759517080966,38.892051591831205
0.41834525403723066,0.0,24.096943731517086,1,0.39597880658863444,6.404302842492143,38.20599103054513,8.207083873527232,8,539,12.38088632829983,338.8058276996715,1.0274469643898334,50.0
1.3346245868112219,25.0,24.863804139305714,0,0.6107940732031929,5.86948348041707,67.20151279062735,5.466009623802413,8,493,21.99211452072761,115.90862691910684,36.13665568082705,32.881766883412666
0.26578723181306807,0.0,20.13979784340271,1,0.6365785956125195,5.988737515017013,21.25536144188121,7.1182945782301354,6,347,15.003920025520255,47.16905476026927,20.40998876662451,50.0
0.6458562873403905,12.5,24.982504763293974,1,0.5060114070998556,6.373751088154623,41.76368881878429,4.056051659262183,4,303,14.873448607356126,141.66894611263646,24.66381040042061,49.34832300712369
0.7176189778842039,0.0,15.832699253040156,1,0.31676068799672447,6.078648359025005,85.17574178181945,4.659099474038525,8,209,17.548705865911877,30.91572646654508,18.552260906537946,50.0
0.7960751562481653,0.0,12.677864469035095,0,0.7461600573299034,6.978016981303098,55.55167635467617,1.904098395438935,2,478,20.54032179322116,391.5428539595988,11.17582654474062,50.0
0.24992309053056916,12.5,22.982088232070367,1,0.4457550709470858,6.265415132680627,89.81230977783156,9.59509185390202,6,702,16.568093680607973,126.00316053911959,3.5742804145600022,50.0
1.8826085649617412,25.0,20.858418115132633,1,0.6867463811404808,6.463176625477592,24.787689507754706,4.837359096712868,2,157,14.488392008397458,373.22667955592135,37.859902669847514,46.452302521824464
0.4174516753669553,0.0,3.197745796921523,0,0.6354880446465885,5.218121246273108,45.11052698663041,11.72499059974237,6,721,17.658755031953543,273.0914763442102,25.331172044714705,31.191836458408616
0.1557045972099818,25.0,7.916704846569741,0,0.5585028494759552,6.860261190442264,51.0407898731203,3.85734706530671,7,665,16.829425500257297,226.44279496959734,35.06535876101061,38.62261117595927
1.050468863579999,12.5,6.885805450534646,0,0.6541737019670191,5.79317848442796,41.25560591600626,6.2255794829647835,6,412,16.230748270222957,190.1987988489827,12.341523039140313,50.0
2.817162467143685,0.0,21.453910654753862,0,0.7170232463823971,5.4701424923923,69.08036911005797,4.360854205922303,6,338,21.838829507842235,274.9520427213551,11.841959018752718,46.72949969682785
0.1291221961296243,100.0,6.214511180516691,1,0.6433465907675773,7.3523302063788005,16.574541536160098,8.633179124072411,3,498,21.95950264468565,274.5101334184674,14.09559334358429,50.0
1.5508548693397912,62.5,7.949096925615327,1,0.6345152592616095,6.688335065702814,52.901238236842055,9.892025115824627,5,663,17.61943828457594,4.208424304305769,10.010490928636901,50.0
0.8399407863250438,0.0,13.21032203024559,0,0.561646648114252,6.883967003224242,15.599690346648904,6.3571180356966535,6,167,12.680039270718108,363.1134982113357,20.420857822000634,50.0
0.2596001633961461,62.5,2.364927424487131,0,0.5580207134832692,6.5181473280351225,63.66135390118037,5.036203131468332,24,419,17.66917580482893,147.18536817506097,37.513420339286846,44.12242566159655
0.7130126995722468,25.0,24.050126244628984,0,0.5945795910176483,6.134794442867403,83.36431706089776,9.192264509702309,24,178,21.524721483828852,141.3092486171982,35.16644419356929,48.16708291324771
2.374894426611554,0.0,12.531038025129693,1,0.5712467472936239,6.004277194360616,3.959710575969278,3.1060054847042777,24,536,21.256925306946854,162.6362175531977,20.308917704517597,42.46119405921179
2.0215519848253765,12.5,5.165626238716412,0,0.5634147505842085,6.745377129819669,46.77974972698558,7.594129720333452,3,196,14.155008494313225,274.1131221235736,14.60173616721497,50.0
4.051454431749819,0.0,7.135108076681667,1,0.4262220427262481,6.992763329566805,50.28495199740893,9.069869063002116,5,339,13.901194820302845,150.4070944198748,24.85582430777877,50.0
1.3782433652651271,12.5,20.053051803635462,1,0.7349027526333416,6.152271376451908,72.58491264400745,3.9619657251697995,6,593,13.522558550115699,149.53242477088114,24.878067205682644,41.11165026079463
0.5517534697028662,62.5,16.033158764371347,0,0.37977148134570266,7.650780005290561,9.322553333553508,8.212692741254214,7,601,20.197843494123475,25.385951851377442,27.66679947115658,50.0
1.531483087199414,0.0,11.883337593473186,1,0.8452262536009938,6.061877015202434,41.79003656446941,9.087487595956187,8,286,16.900550569894733,166.65666577077133,21.888401007426737,49.46814546997213
0.45766872816038245,12.5,8.624233501006369,1,0.6749077264632952,5.224194088577019,78.97716065491048,2.2915829243247976,8,457,15.380465706592457,59.79139081750154,2.043455148061397,44.122306176628975
0.7609833543286114,0.0,22.56676689371709,1,0.32934040747396487,4.9949340813042165,54.15016702806568,4.562982327730868,6,260,15.248071688397005,342.2357016239121,3.9658141765444426,50.0
0.46070788835111287,12.5,19.4278312371584,1,0.6953992198489525,5.018557242484471,75.48492643509961,5.469366527276072,7,504,14.754132429543878,133.80443327891464,38.97722443078869,34.84600271337563
1.3741707260651146,62.5,18.093744915071614,0,0.5169085569034904,5.910331745199254,37.67295846662249,9.535531367658876,24,155,20.82619774114408,384.3469592246681,30.103176510194306,50.0
1.2889702251582416,0.0,11.42701236312221,1,0.8578589066283873,6.037587385221052,92.1685928248138,7.24255646203794,4,638,16.096798927471053,273.81120102679284,37.98162904548668,30.11948945448157
0.4959113858451511,12.5,24.5384236936154,0,0.8616452918938249,6.677819746375924,9.579835305512457,5.945176204506016,8,163,14.44017735641881,302.46061393092947,14.24149843971383,50.0
1.7805423876992832,0.0,17.896722271264498,1,0.807557029111708,6.17997437532236,10.934111768674155,4.5064969353798565,8,515,19.104048060652786,379.1004725610983,21.86302731421847,44.65227318159868
2.173513052970991,25.0,10.878805762173144,0,0.6407093411843713,6.790359724243929,53.79161868108654,1.0446750394737208,3,393,18.354545568917985,95.57390632666602,13.556124844379324,50.0
0.5561919163412109,25.0,24.033525071420687,1,0.851506614783127,6.231424982835979,48.14073720549395,1.2224210005994571,24,284,19.153655545940953,226.9163878769069,36.44846682450922,38.22063751759887
1.125747032916455,25.0,22.44526241500991,1,0.6898849134437153,6.209464998288807,64.56981769156036,3.644908483098845,24,475,20.21956114529865,16.29032179782488,12.221601943477639,50.0
2.2640907498022176,0.0,18.62914724183617,1,0.8250774332826663,5.795739588194087,24.44750120444337,2.283596664186019,8,235,13.012337145689195,40.30347518227768,28.05864085098796,46.18774810751577
1.0544861383730744,12.5,19.291404979692,0,0.3960319195626854,7.1958119222784696,24.15077251573381,2.3154525673055293,3,497,12.019887414501447,146.63476798751515,7.827167420754174,50.0
0.6469372599415967,25.0,10.878873742500673,0,0.8425081880587224,5.127960992395404,75.41273764143097,7.630135864730909,3,536,12.505662411561541,273.0007402499761,5.104806591990234,46.77556435513233
0.7851814778584064,25.0,12.930087338939229,1,0.6969544167392805,6.410917203499717,30.59298966905797,7.660008555422141,7,424,19.06793259148812,332.6774409622138,7.069748007947309,50.0
0.5505327620390303,12.5,5.192909806402652,1,0.48196435388323383,6.072844676775537,73.27459004568021,1.492493203810773,3,366,21.344965402497134,102.56168098938913,21.64875539803001,50.0
1.8185228119602608,62.5,15.087208015579286,1,0.8986881163085403,6.7472282182531504,64.78928453779882,7.533287769804546,3,425,15.311053820163668,299.63088545504286,33.93710057985867,40.726052762199025
1.6678837838315868,0.0,9.562955434797265,1,0.712130380412684,6.1854194191909055,10.166061026259015,2.604004534370717,6,723,19.811941663944435,89.71646297921998,39.97190928174333,29.806857577710574
0.44787831733179984,0.0,9.012238976473652,1,0.8450496348124374,6.2060505939311295,71.69070469413525,5.149483082879634,1,601,19.291845108686694,2.422242446532419,25.28463870928344,38.418583903077035
0.5227894922907128,100.0,23.731590927882614,0,0.30335131258621045,6.013352264383203,88.1925067113807,11.886522456343405,8,153,21.780615792859198,21.76520998229372,21.81053774203949,50.0
0.2136697012569834,0.0,4.537194113007935,1,0.6314030457295114,7.175279482892399,82.03133322006698,6.742058995424937,6,323,16.70793081489702,234.22344912228854,31.688421028141732,50.0
1.2369843369734161,62.5,20.834352810291893,1,0.7275195741436218,6.201684119542203,2.8684628571979607,1.3760681469857963,2,164,13.66072967286894,198.85901843772547,3.486023899627794,50.0
0.3060697231293056,12.5,7.395979989698305,0,0.3082421334712268,7.578755848129431,54.89196280158513,4.8242402184712905,6,292,19.65231400587742,108.1700911717729,32.56649217849166,49.79886374306013
3.0749436757864985,62.5,1.2020629109906247,0,0.7575355350737099,6.390572957139275,91.50704675379532,8.379879747204427,2,617,20.188188640214392,2.6191434411306336,30.57680209868126,40.031390173275824
0.40655327541281366,12.5,1.4913454558062729,1,0.6908689159005882,6.2152318885581295,60.6751160715183,3.4705767309859903,2,662,19.07300075704915,227.20413970136048,21.652119518093226,43.69247992151399
0.1188896353305946,62.5,11.014848568353854,0,0.46485579215561784,6.098271128101893,30.451954924003953,11.60894160654434,6,424,20.63181673279779,327.04265473186064,1.8964920541096029,50.0
0.2949397941776143,25.0,11.634292200637605,0,0.7133669678086492,6.594972829779625,21.065374915980144,5.678230676800071,6,563,15.711825833199045,27.417951169351397,8.885682240461904,50.0
1.0307304745375627,12.5,8.34615264688654,1,0.3785406233981663,5.788124638964956,69.12485787678627,1.231960374169816,5,372,18.903150032235487,294.589782957523,15.418791376768146,50.0
0.7764268931128723,0.0,16.885100336326968,1,0.794422319261284,6.3020196793273255,77.58288560186155,6.946227810742547,7,436,14.63848639163062,253.8170407856271,37.70766681122888,40.250556459350435
0.39893234227118807,0.0,12.39089807307237,0,0.8197350703551025,6.205695909875473,91.43330696190523,8.438085867877907,5,647,16.464401459398374,191.74190888045393,25.901064143411862,38.95140450623631
0.746607817353314,0.0,2.315770125113344,1,0.5912861581670984,6.427673389485633,90.76022518624431,6.015902947569092,7,315,14.424921691556182,19.336541990420876,20.89361191670424,50.0
0.505139813631488,100.0,9.02774427537525,0,0.604465300768993,6.445021228383228,35.249456279340166,11.209879237512528,5,341,13.545336726481452,369.42856655691827,20.048630395826773,50.0
1.2153984391433468,0.0,2.998086979322647,1,0.5412326165198109,6.48139641612874,61.17993928756683,10.92125384212167,8,231,12.359532480019887,190.97639557069706,31.419053533146833,47.10191380180766
0.3173696069360956,25.0,2.0414345003109284,1,0.50720039112228,6.266433322321305,11.94888021418139,2.5285608046803363,7,280,18.71424258192334,159.84278435248163,13.621579319619723,50.0
0.924580023030713,12.5,5.603512312437332,0,0.8237389673120685,7.298260444644562,11.25732991605215,1.8794298407890255,3,172,20.752730882774166,344.59016083509397,4.686467347620588,50.0
0.9540609693184037,0.0,17.66409879845839,0,0.48292390547252373,6.495798171327738,9.003919546453565,4.435398971738692,7,639,15.144194343112684,338.23129159349514,27.40468900380105,41.92243447971142
0.7953113465134277,100.0,17.552040320280327,1,0.5417100071126351,8.02419040185153,92.8601361166154,7.689459284944551,8,661,16.29235383447727,290.90438120000954,13.831624308252527,50.0
1.1129239815646301,0.0,21.60403361403725,0,0.47994977786670745,6.234895985996111,16.938377770294366,7.617548457468735,2,402,12.035469483025736,331.74399316000336,13.698120642288506,49.905522502179295
0.7401166738961128,12.5,19.032272666014954,1,0.6940276564756359,6.871239304718623,49.267967451885596,3.9880740969752555,7,506,16.12854772531449,49.731392393176236,18.733894207671057,50.0
1.363718385969619,0.0,13.619644337898078,0,0.7885309986669496,5.6917655541377234,44.44109174985191,11.462106014547006,8,299,14.813221150820844,304.3662220321367,10.466626847678597,48.349621343122614
0.7947748358159529,0.0,8.158996156226891,1,0.39860149616648477,7.180552478717913,33.82756874341214,4.380648883870874,3,177,17.742000301246012,131.21363319365113,36.946398662477954,48.925578188585256
1.8733306973710115,0.0,0.6423816316098923,1,0.4528455095371391,5.707001244257872,54.69760393044076,9.846193797112718,24,459,21.08517182851062,346.9979173873111,34.03184646472741,38.44913447725241
0.9209279737316584,25.0,16.354868291550964,1,0.36246462511724653,6.5191146125692665,2.2735072664116833,10.151781986431718,6,245,17.061525691215124,148.09258639474368,39.652444907949395,50.0
1.793445643332412,0.0,7.597973096563749,1,0.39611037421613526,6.014900958905112,39.25463515532054,2.0827852082007676,8,658,18.755326599028617,21.721580848030175,38.61740304129584,32.0361260821888
0.5135350367691243,62.5,6.62745249233399,1,0.5441289746734291,6.516405457981818,48.9757179260261,3.5580820339893715,24,317,19.054828398056202,165.75209470814625,13.263758463328484,50.0
0.35231218959564026,12.5,24.38322574896806,0,0.7655257738254835,6.035642634189957,80.72382984811945,3.3671065874526804,24,592,13.524319121747466,302.7108140305445,15.843320388550621,43.73932434835929
1.35655952087521,0.0,4.7688847139531525,0,0.624970760981349,5.647522974255149,70.69441607156125,11.116164484522796,7,307,15.465706078118261,200.37282439175894,28.23206162170284,39.04247892023991
0.8060193416980681,0.0,1.294651126310225,0,0.33196576673229805,6.009885397141551,85.27665679375981,4.862154163328287,8,225,13.131455512649959,305.4535647235873,1.6179901995760408,50.0
0.0759464145510679,0.0,23.760064682206853,0,0.675052049810387,7.279106086899152,38.877227055981876,10.20118466730658,4,479,16.407466037885904,14.109496346442807,39.76166653016265,35.44634372060928
0.440002929467774,25.0,7.997164690382643,1,0.777182501332992,6.527093387953603,15.808741724144074,6.258198023950024,5,259,20.872856816097435,70.8656814404116,1.4228802005785437,50.0
1.0344172781709184,12.5,10.138791240205936,0,0.5360806809459379,5.297804979084608,41.3035334654392,6.029409486134224,24,389,16.809343507374138,225.44317241711758,21.72795107899014,39.32971841282524
0.7531452197696946,0.0,2.4829051466138323,1,0.44700756082329995,6.966767890868042,96.37984412465073,10.937634933525686,5,325,16.561529832189265,154.12550153905264,27.079312173084446,50.0
0.4232465309473017,12.5,10.399597754106365,1,0.7583626369182527,5.575940073770905,23.004104217612316,5.849915479138698,8,679,14.093235457952517,272.0702974680799,36.651706010250315,31.23732976616009
0.8008526313443456,0.0,24.31942162382948,1,0.3143437433765553,6.720351501640707,19.126025571458197,9.19337108954019,2,451,15.102172800870559,385.0216932481688,26.12131651034629,48.4219650601537
0.9035688597885085,12.5,17.503483087032873,1,0.7893546146494402,6.5872156033171345,94.54505306358942,5.668152519694039,4,581,21.365995725349084,263.94478428020557,24.281783188432644,47.74224760210775
0.15654848241922517,0.0,12.108708698413391,0,0.78255574892652,6.631417326375948,95.09246231140085,2.1205671023394386,3,503,15.029953242620417,166.94515795303994,12.714012666861983,45.772011731783486
1.759835097602465,0.0,8.033055327302648,0,0.8327915584165246,7.497232416317726,16.62521173413173,1.5840427394719296,6,696,19.31386585550016,216.94560737733627,24.045934403519418,40.44428004887692
2.035582077022263,0.0,9.468077002385527,0,0.35368796437417477,5.61995135256859,77.40638043201751,3.290641946765677,2,413,12.421416649144758,365.1305926784682,30.2383590066987,35.085283006550235
0.4379500113150863,25.0,15.475089674024863,0,0.36465508914277495,6.62755634312078,44.1147654102055,8.944948398498143,5,667,13.28313960094498,269.1956986648852,21.108075479251855,50.0
2.754036081970136,25.0,6.734026533830087,0,0.8236516943562862,7.08171202870267,50.23714016848232,5.110146921105441,24,688,15.114779163048983,321.2717991018111,31.405776633197856,45.001541148540106
0.7585878876454576,0.0,4.222714374632401,1,0.5851576602973194,5.74966080886259,50.87143835289832,5.995183395262779,8,702,21.014208613602253,120.6073636406134,3.7149088280932068,43.75091472642333
0.48194647903278065,0.0,17.55760251161938,0,0.5354031044465191,5.677972493639504,96.90041298959768,2.120640383693031,8,567,14.192916548790524,297.728462735309,14.079720588984184,42.06406986368041
0.469631293483531,25.0,21.80200953941181,1,0.6439761390782195,5.9989687228592965,20.09678919650868,7.853413597668655,3,738,19.26744610085008,55.77254773594471,38.432743428497545,34.14726186574461
2.633216253002435,0.0,22.587703256309933,0,0.335149842093864,6.427313125075448,77.76024605477619,9.83793031442147,5,597,13.6752446689969,299.910246562087,13.614332109559488,47.700853862732174
0.3233846856630409,12.5,21.11475403101125,1,0.6862297019376485,5.212666608227334,2.5560626192416187,7.871515684047981,7,337,18.128420461181417,352.62343712096975,25.252356770807847,42.89389721222865
0.9181101115183732,0.0,13.49969220164802,0,0.8670498921536389,6.585981393600821,63.60379047706296,11.830754900078368,1,244,17.868282307512814,360.0929868213687,21.275505549005853,48.113428413378344
1.0028656137371519,0.0,19.826358740600057,0,0.7054319365002311,5.214129280777992,65.96244171650784,1.1797553066371829,6,275,18.21947901139672,46.636024421059076,37.52833651958587,35.67395467550848
1.3630128061750089,12.5,23.195715428300968,0,0.5787210673855101,7.105331578065213,75.8632085261674,1.1723680997557335,24,494,14.862765216625306,331.9528210294937,7.348103179836035,50.0
0.8635767485301412,0.0,1.0723834453747885,1,0.8765285931668934,6.559636779663086,92.7443115550003,6.500061634265443,2,249,13.621029969525829,43.97460910721467,12.676135880880608,50.0
2.507477814285078,12.5,10.596406333850704,1,0.7131098483420482,7.539197910494923,75.87584035425263,3.9304886476476244,24,292,20.864857491370483,191.35878131310514,34.63271491180358,46.55790800013923
2.825562842558839,0.0,5.501074249469775,0,0.3341762614260399,6.668148632426509,73.75011061227187,8.551614458861042,4,526,17.694439375014824,273.00861187446606,26.981899246154743,43.90478832393241
2.133602210346235,0.0,24.920835242900814,1,0.702027919087879,5.9866676842153055,26.871176599455545,9.725311689084457,4,349,14.12043169720938,193.69964460469967,22.17892506609294,40.993262051517334
1.076841598401138,12.5,23.27436723601277,0,0.33581751765176554,5.6409260053476356,99.29829149880499,2.1267949966129964,4,558,16.13329053195435,135.9638408840589,16.401115287656353,45.19920015251731
1.5646054508308878,0.0,20.153555801361673,0,0.4843379296739808,6.367223740654504,47.904063470544735,11.090720230208593,24,748,12.670914929252069,273.5284629983421,17.041301887799893,41.32449407865958
0.6390699749118238,12.5,7.749055225591058,1,0.6694100882416305,6.1788245880654875,42.91011002336386,1.3291523158671121,7,202,16.753761166023743,264.3515100427576,37.46198462781555,47.31804682174579
1.804524762843913,25.0,23.8265054813557,1,0.42936960971211807,7.030297324414094,51.18400218115516,8.572443205739464,8,534,16.238907761829687,233.15706206622684,27.171948576818664,50.0
0.5062339964929904,100.0,1.2166357815225348,0,0.3229135107565794,5.5499668285516055,40.61753266386098,5.22950842883018,5,642,13.327262373733936,211.37146591069276,37.23483707019033,43.278920000460616
0.3753586583534495,0.0,5.106972809680602,1,0.6707722132679321,7.614631400322685,60.17648198014354,8.341831340908705,24,234,16.443723351825433,282.29595964893525,38.91525824273173,49.04784206457065
0.36582861287935187,0.0,15.613406978657697,1,0.47151436972980665,7.092343859200496,36.263209798932586,2.0739995377198617,7,619,18.395323395927058,161.2148226804606,22.3333122380246,42.70284436261065
1.2375354776628154,0.0,19.928664445428552,1,0.619778534603519,6.057533458819999,25.514595196570397,11.307883513826676,7,454,21.284904447334245,27.507299096935345,24.78566886402119,38.25494809224036
2.30527191870747,62.5,22.148955901331473,0,0.45668734734277266,7.458474628346334,92.94350037598247,11.311491738240202,8,527,19.031851939595246,214.98180407648942,26.598232233771594,50.0
2.42912513814968,0.0,7.86246096218084,1,0.7118573081572874,5.65181033345991,92.92719103713958,6.713408955937229,8,180,17.024352863697594,289.38222089753464,33.72759111231424,42.78362545264606
0.08358911345611618,0.0,10.074712726204448,0,0.8374208346958225,6.34391285294066,50.63205045250749,6.605429874716591,7,411,19.70051117861142,119.66396304642673,26.703796791645743,41.04378520972503
1.6316081845881283,25.0,11.643271347866786,1,0.3519388816773852,5.306470263901242,96.29043970654173,7.982890065950747,3,370,14.799352813508456,56.30045525437293,5.471249465114777,50.0
0.3528440525465603,0.0,1.1608585540809149,1,0.7717912112728552,7.492598479410987,42.74028166474703,7.380758456022915,24,242,18.687815984448893,364.7364776648476,37.75477427261249,47.200900574159064
3.567043915411796,12.5,21.667246699776502,1,0.39365703307220945,5.046829230843316,39.96312910972861,6.9790122351026245,4,607,12.050621667984744,345.49986589847833,26.77643997969171,36.96798605689191
0.25485973972430814,0.0,8.77973617696145,0,0.4976458723075867,5.19169081261649,91.8568012999891,7.4811026377452645,24,453,12.725511304495255,247.37368771652766,34.926773599792135,36.71916036484034
0.1601647136247503,12.5,5.382322117006448,1,0.5144191774949741,5.755700825057158,64.02586629627103,10.444931893965364,5,676,18.24265636461783,314.64286148163046,17.564772085496756,46.70293683909766
1.654706114700095,25.0,10.525328045948848,0,0.4237859934109566,7.125626572273314,76.72670225969446,7.721734575388627,3,245,13.925495743879598,387.52212590976865,19.51393795773408,50.0
0.6079855326548289,0.0,17.908802685026103,1,0.34514060451782247,6.86839142025522,42.44889549327409,3.154177902764192,5,588,18.887295862647143,227.7035922907363,27.86539775617881,46.865683756664396
0.5791072523641695,12.5,21.837431695148364,0,0.7610918881576878,6.285435439760374,41.886163118649485,11.05303244417129,7,512,18.367532645038203,97.67267384013594,31.27975546694989,39.84124626661802
0.43197032670829494,12.5,5.776723422282753,1,0.7761765235639654,6.913248347817107,10.163763078053845,3.3755668044113034,5,540,12.636667494079248,255.52479621304852,4.05988968929994,50.0
0.49803014865601025,0.0,4.729017692367195,0,0.8980999742268143,6.119210392702196,96.74090069214978,2.816778642701273,8,335,15.924966665946698,365.8374704401815,16.88637050751573,50.0
1.7051182132432539,62.5,23.622682711598408,1,0.8607625493971964,6.495700145487597,24.33997875052639,11.967636119702474,7,564,18.130021983069557,276.059280559392,31.02439883145972,44.73269745973834
0.3647527877707733,25.0,13.996878969507408,1,0.5607854540308934,7.356208252959282,50.43817223612524,3.347583638983311,4,298,19.134816315833582,10.496156459761252,39.69720127570612,50.0
0.7358785486278517,62.5,9.461414465302125,1,0.38003280872506395,6.027366788757051,13.231806640914913,2.1010269452534813,6,607,20.16084160526747,366.8530415450063,1.4540555966538782,50.0
0.33041217990235705,25.0,5.38332664907101,0,0.3064200048117151,5.663539165459806,65.4014541087279,7.182079319562307,8,414,15.304429016650259,301.4701021015872,11.327520870227662,50.0
0.8919240167774658,0.0,24.88357164386175,0,0.6189105230982901,6.529260200028894,40.30579412428117,10.099131180424925,24,437,20.367160422547844,160.7324053589592,19.129094694248472,41.47759796597
0.5711728585115021,0.0,18.120015033743012,1,0.8163398464997087,6.718192015244085,77.23086366105791,1.6682579184963238,5,498,15.542544260056442,394.99675573962634,9.69472636896289,50.0
1.1624535911946838,0.0,5.838190050340548,1,0.46074224374831224,6.277313416001695,53.78110813982057,6.3911459274010065,24,200,12.06986841200003,288.6717331342188,2.049965743748471,50.0
1.2746079989439147,0.0,2.7358563982652453,1,0.4193648207928415,6.902366919594223,14.688972888123896,1.7535257450268802,1,370,18.100058998370137,330.17643273427666,22.042177940108317,45.84855969106608
2.3315065597804625,0.0,5.382417427222023,0,0.5633720230624935,6.0591186046365415,3.0525698423047096,5.715602296782112,7,271,14.416685971579323,377.2666236999347,26.32654575254692,45.9440070511227
3.415009135491661,0.0,6.569693795735663,1,0.8361196805713407,6.289282206708444,22.819970865429838,4.7835614164735745,8,728,13.243813019935278,15.83138588842643,17.226420378926413,42.70013233941364
0.4715968801804529,0.0,3.2215984069092714,0,0.5710042990622668,6.462202417794527,72.98595649240465,2.508423599463621,6,403,14.58357810004814,309.76793761467144,15.425245107845234,50.0
1.3811804185598873,62.5,6.126458582486547,0,0.7336277435986287,6.401152726626211,83.19438450488462,11.241231257732375,1,153,20.279139980794053,154.5385741431208,39.43881184699992,44.13814278797289
0.56285374099225,0.0,3.3611027708568066,0,0.577515726104816,7.329290140502194,35.45083349464221,7.983756773976002,7,165,21.14001308260182,347.6300051595099,19.623612405586606,50.0
1.247865662854149,12.5,9.754426671720784,1,0.5237753288657665,6.458689375000233,54.52065698081974,10.273619306360278,5,697,21.61696623870241,351.55834237329316,32.124708676425854,39.956893041430526
1.209894948950936,25.0,12.411783849661129,1,0.5645472326976855,5.987268505555054,25.52130246493849,10.96538982099661,3,244,15.02830363000251,331.44738820107705,12.199792715636281,50.0
1.1827252843931129,12.5,11.654481828232493,1,0.7610403196040276,6.569587191043708,88.28343761015616,11.232038640873363,3,150,16.559287081890496,311.6802342611174,33.37734186980145,48.06647056641853
1.457386215410769,0.0,20.815646674552085,0,0.7526436335268059,6.906195588189089,96.59030029909982,9.229260780063166,8,277,20.025261028081836,317.71313384997313,33.124287878795975,45.60829390282256
0.935484428361279,12.5,6.72288696520043,0,0.5590549071692402,6.741964809063157,75.78812232524011,4.37643146757617,4,280,15.179026885070444,118.62100028864302,11.44038273627791,50.0
0.6100209818646084,25.0,22.23379868526448,0,0.4605704552571993,6.703165299814085,10.71089861799945,10.118258807408889,6,197,15.851431863129466,162.61128245055633,26.578343133526513,50.0
0.8997479546182773,62.5,22.749009053955653,1,0.3834762234502471,5.151364899540176,44.83762090065406,6.722012026302768,24,747,14.37274489229642,46.021956281224384,27.598584090806682,42.01516025809972
3.247562490293676,0.0,24.015092944089282,1,0.300821816625139,4.455241168211771,99.06955681149772,3.9881931400944755,8,185,17.723673193517257,332.23660874464565,18.26200562880499,50.0
0.5181715643866732,0.0,4.934089230179677,0,0.3679545498439738,7.092685177034436,24.479713272699946,5.243511909933117,6,586,18.592666988253104,258.4025903298635,31.177422452220107,43.92002719687713
0.650081972155682,12.5,6.520903082766597,1,0.3987931591151388,6.5072002123442925,67.70622367719693,4.313458838504195,6,652,15.184394550865964,245.0866860466474,12.96852518668258,48.702593789328525
0.4407630839628929,0.0,15.783890795256474,0,0.7139626745886533,6.184895808369311,93.97922117991034,6.128244440033301,3,536,12.242305165115642,98.43121564261912,19.886601725587013,45.01745188044563
0.12778827542825894,25.0,3.9518450135246783,0,0.7907495261572536,6.686019119446108,77.77393204981196,9.594686519330034,6,229,19.3590781336997,246.01443362063603,39.615916527361826,47.90093842117674
0.7888258704700079,25.0,2.5977225932424,1,0.7421673997387255,7.54911695496614,61.66829525509933,6.3335407602678675,3,585,18.165972893465902,181.82069007246162,7.968351194466975,50.0
1.3092112843443813,25.0,2.3055816947704697,1,0.7339396603214132,7.189471816092487,51.65710557176513,3.946444359000796,2,347,14.189987856013609,398.1075226662467,6.763526158672718,50.0
0.37951728145020647,100.0,15.350666049323097,0,0.8965923688344715,6.87355440096137,93.02380750902925,1.9614338214693383,3,394,15.146476751657708,345.2273090949751,6.5457488084789786,50.0
2.0925845430670993,12.5,20.21461447924467,1,0.8775586435925944,5.57929205701715,40.68386997655414,10.413316958425588,7,300,21.571135892696773,210.39315276262286,39.9262616015483,33.872469504476584
1.1369027138222854,62.5,6.8426987351501225,0,0.46130831707754194,5.670246437921087,90.3243619886862,5.591054674539792,4,620,18.30203545009286,323.3822269194701,7.236617787150213,50.0
1.7160912915594555,12.5,23.371580234581817,1,0.38706044972901404,4.529516723042605,44.24318704274194,5.861147999120795,3,497,17.954777563913844,65.80200034333532,8.419330236445685,47.49709178771656
1.0596644196916964,0.0,19.902419943526745,0,0.39197894276141293,6.643459431719444,76.14141232836513,9.40093727255829,24,242,18.396907374635433,40.56019965064061,28.096676830889475,50.0
0.7330788459233608,25.0,2.397779931444246,0,0.8373640024267697,6.976039038222816,91.73996212821271,10.346991454512906,3,394,21.544445347937568,252.2603198701456,30.62036836739076,42.3548224287024
0.6216463123565583,25.0,10.478926648857962,0,0.3614081087734705,7.033124632334059,55.96300504556551,6.622593987721375,8,626,15.398590734929948,290.71433117555705,21.555390913180357,50.0
1.027056423381336,100.0,2.16636421783934,1,0.5040865013288522,6.672801329893743,32.36822513675728,7.9560461718944575,6,712,14.809159761051555,21.222575727787163,39.32409564753711,44.9659929955745
1.0964099288926705,0.0,22.922256865940625,1,0.6182079170526436,6.09215319924088,6.996698526550081,3.6307237059288187,7,713,15.767424802692243,80.38534047912816,2.5174463325285057,48.13033674032559
0.5501196023207944,0.0,18.69865253957981,1,0.6680703022099126,5.8050057766629,81.30747642346796,11.28574740122629,1,230,20.009490940772274,214.9071907689895,25.212013892902526,49.508897171003234
0.7186695923815648,62.5,17.32035569369057,0,0.6574395826889249,5.622244642736465,62.95697222795488,7.247133948679161,1,664,13.209588743899758,25.126639835529918,24.652303456663066,44.73798758121945
2.83931988807469,0.0,17.22619524204786,1,0.771844633283955,6.085602605584361,27.778473486898587,8.915653795447122,8,489,14.068246979526844,169.6211345134799,13.528546704169932,49.26333810964609
0.9123698700286981,12.5,7.486971296445717,1,0.6430159581256603,5.5155216222724865,87.98634200983578,2.2563435978782787,6,593,14.282455124781988,192.8319117833204,36.07817833303606,31.916282002161175
0.9835681160725562,12.5,23.37170930241736,0,0.8106279235988565,7.4291678455060115,92.18967085002853,8.006130475934881,2,381,18.363773911870137,368.723892855337,22.56238653809839,50.0
2.391112550354396,0.0,23.108028126399674,1,0.35077813444331085,5.28833991285408,88.94227579226184,5.058447606438865,5,540,18.415830246292384,126.27059855835228,10.607270458170376,45.01227599394382
1.1069702377637793,0.0,18.617475829668653,0,0.8153792721360864,6.062062706177544,60.94875403890599,5.95069272696339,6,304,15.718863833906445,67.46738937401378,4.44598213182895,50.0
0.8272063849492844,62.5,11.98879007325893,0,0.6540018964662022,4.844647110598388,97.70499750259076,8.50378235576643,3,462,14.761922725512605,3.00330348758977,5.177636847988866,50.0
1.6823919709680033,0.0,1.654335404372522,0,0.4337595395102103,6.407588402908646,87.73095185777326,9.759602975292893,6,285,19.54651931319515,48.64324241745939,35.99584060453076,41.03781792618204
1.4275987363670537,25.0,1.193628078357374,0,0.8866459132187201,6.198331403170009,12.217519684674617,4.843017621685349,6,387,12.317265669498294,300.3463995284631,10.762041731198229,50.0
1.0020882062733352,25.0,3.884291156634761,1,0.8638405642372979,5.950246752452323,98.14838564401575,10.60560537458094,7,394,19.387377107480937,177.96875298645864,36.37320676285797,37.51109568084885
1.066609697533095,12.5,15.09623499547991,0,0.8074354930042269,5.547051713778963,55.78302452164537,3.4088933461086457,8,669,14.102739943708578,79.49001709462608,5.684598443160678,43.707252853168974
0.6658780320041027,0.0,20.053434790515,1,0.8469576813680828,6.201723284911331,92.16351854868124,7.191880565888799,6,526,21.027770569478314,373.21107772882687,39.37347502338822,31.491943844558435
0.30856724590103785,0.0,23.737411126703666,1,0.529285032627184,5.8188773769900335,76.51346061360282,2.663920283682131,24,538,16.13693245722532,315.0153273754897,33.500613763630064,41.31148893735798
1.2850984455271726,62.5,4.796370942265596,1,0.4366829234697537,6.104192477443331,65.46153418483104,4.181747496338257,6,320,18.422969033424437,45.745876539939225,5.532920922283564,50.0
0.20327672948715123,0.0,7.2504330795058785,0,0.40974231699553915,7.570201001342594,34.01389340232363,10.849526163369854,6,410,13.20969309767842,107.5829419573398,4.356203609837287,50.0
0.32146455750554215,0.0,1.8254570328331687,0,0.8242559811065504,6.320524051124798,4.648942311264747,1.127124536824501,7,433,14.53884408450452,339.7765930105183,32.33405011443915,41.642226775934006
0.7111167582592014,62.5,24.731655588581546,0,0.7959788093406521,6.573007045581823,29.120152739324187,11.071723075099916,7,620,19.006085943555604,276.97266711896805,4.04458395629746,50.0
0.6555703169919544,0.0,19.63241944067129,1,0.8885630300009626,5.874874657023653,69.21039164161236,4.612422373052461,1,261,17.503554503322068,378.2180857049485,11.225058441315632,50.0
1.3846584727969642,0.0,12.277496165155672,1,0.8089512608724583,5.650895143227666,86.58526087341484,8.653749618647923,24,182,19.704773809645573,30.499775227856098,32.24874256140406,40.564067355168774
1.6431937795286826,100.0,14.601351204909914,1,0.6794195483558942,6.183929600585946,2.2299665173169982,2.0089012387758456,24,453,17.63402339760752,310.16448916749204,36.39562048158465,50.0
3.1076990770375374,0.0,14.27327307766075,0,0.38536905052293,7.952748203396557,22.38142983110858,8.053986085703059,5,637,17.693311807322427,30.56456633742579,30.938430272088798,46.18511171861111
0.17177644765079184,0.0,6.731838452007183,1,0.3989085230125382,5.998800613574228,67.96063610940452,11.004074077417075,7,590,20.582589817294355,134.6647742768731,35.705820009361936,37.04803290745126
1.1783065260171948,0.0,5.04207201018878,0,0.5842197160778255,6.453006462355376,29.796240223399817,7.107221179399813,8,636,16.24689917305841,300.2675072701304,22.835644208459655,42.07005857868378
1.1438707352972637,25.0,7.775905057242233,0,0.7606773186866194,5.620121039436622,15.886879697254319,4.983336481118235,24,386,20.95044719657504,284.40398970105156,31.404835319930818,34.481605839184695
1.0421957452803265,62.5,6.555261970005672,1,0.4039652341066513,4.271309573118775,10.029737625905275,9.729353821058131,7,287,15.722152480449989,0.8471292560973342,14.423266811087535,50.0
1.284689247168109,25.0,14.159438201676844,0,0.8493105047573115,5.647118067647841,64.51214168880648,8.839979668087521,1,545,15.285942067700475,80.77717314024184,31.623348690844598,37.0942400815115
1.4809028197448093,100.0,8.050968743076496,1,0.7102744382921136,7.866496669147633,60.296262068777786,2.2946181701413013,7,172,19.794212767397788,311.4294706214245,27.509895389555,50.0
2.1372589697690105,0.0,18.359147394584067,0,0.48738545426785174,6.616773206307336,86.14413007066759,8.322716905643002,2,687,12.115463994963285,50.45900504588863,23.418372482703344,44.97461725375038
1.0653748603594262,12.5,14.414523454997372,0,0.8314557552963302,7.348646940737416,32.85409139003595,8.311214306933675,7,578,13.721921198388038,130.55156238384015,39.69975150660775,36.81729467572975
2.5810151234766856,0.0,13.54046225264416,0,0.6591782209085645,5.9565944355476175,15.39842459688417,9.271132840956678,7,452,12.71765739787783,73.5558027585292,19.321401470118808,42.33831255957127
1.0710786397367005,62.5,23.80669729368654,0,0.739895089215076,4.550218227370338,80.31719869163808,4.479375516542822,7,269,17.121050930091585,44.58181416425839,25.15064226525151,39.97353850822567
0.5851267685320993,62.5,8.39903361681787,1,0.5312653237533347,5.423903697576288,98.84222063552863,5.414057798048756,4,300,18.28071001328596,334.6502981292046,20.88632178769004,50.0
1.001300966215848,0.0,16.064111649378233,0,0.5361303235879965,6.477917332730918,37.31817498058543,11.56041862189393,6,747,12.10375945862507,24.53669794073403,11.159942243462364,50.0
0.40991591459642435,62.5,0.5012403621720016,1,0.3075705422888822,6.3663297026555155,86.80426219551316,7.308026128555721,7,158,13.614635485403378,214.41997932916962,13.884253757702293,50.0
0.4287611607538261,12.5,18.554629358293095,0,0.6227412136530056,6.19270334239524,76.7294561345645,6.59355474807959,5,155,15.025413585957057,277.0682046836965,39.1726449502817,41.41454510468448
0.7589993632075582,0.0,12.812326260910648,0,0.7564780835003202,5.828825691294577,91.33535888635733,11.855346614223073,4,358,14.942263352286016,23.036087461755315,16.29230786257357,43.027068067019435
0.6768621585685087,12.5,5.605431453469263,0,0.8812947081519624,6.857800980762271,43.588502704931074,3.525133950856613,4,287,12.97132716894523,253.37070825924584,27.496844430033057,42.23898478240689
2.0971895466474817,100.0,0.5370086325011212,1,0.8353361020249426,5.849057328199327,11.927547472734778,5.3773060106470165,24,556,13.728474560505365,133.62620609645322,23.116793283079858,47.09319140699108
0.7515948286086276,0.0,17.820127118091964,0,0.35219465481165296,6.41547180911389,13.598908223763015,9.358719177553679,6,175,20.470517609723714,333.41808950963804,35.70240560057103,49.25631177420074
0.35936064877429336,0.0,16.73616723698906,0,0.8883120722140851,6.336729715522822,76.79344520488813,8.84410639414649,7,621,19.005811416140038,319.06384888716224,30.54991304445719,33.716667818886485
0.8672490460808263,100.0,16.80247435374939,1,0.3896884134005103,5.9420482896464515,86.60652027084005,11.633707073834703,6,619,14.960943826633466,317.5620148866585,4.145404833994431,50.0
1.063295845580283,0.0,11.217643166451298,0,0.3246685790352498,5.583092764272306,46.787640611831,8.197303748833926,8,287,14.63407464316085,159.46539366482338,14.862232986111014,48.63412143217671
0.9384450255164916,0.0,16.162784481363744,1,0.7493579012809353,5.900868939293927,7.837947145240301,4.444044705735545,6,497,12.801992021533518,329.0192759001649,28.764628167554545,41.35536049204786
0.3433386399274077,25.0,14.497702357598476,0,0.8435318701974908,7.511535247888423,8.537191955259388,5.374171637601424,2,553,15.489059373979838,251.99280160441026,7.292915512456323,50.0
2.2520062658907247,12.5,6.352928592976082,1,0.8698697436151139,6.978713504286325,60.662834306117524,1.9868421641846887,4,659,15.980695146276613,151.4734261206097,20.63412808083102,43.39059092246744
0.15154635310675274,0.0,13.209817015976501,0,0.7949856646597273,6.914272111897385,92.02518632106707,11.160922841542877,1,589,21.04181656387445,32.26798218216737,13.392992884825839,47.17437845588098
0.9277276580571298,0.0,13.107523468162931,1,0.4229437294268283,5.64947540525763,41.15918434317982,2.4153482502081163,8,727,19.4311571401521,26.72756507149505,3.525414961946616,50.0
0.33296133703338965,62.5,20.678760761717655,0,0.3924017486966466,5.193617508923177,65.76074188951728,7.002740964840924,7,219,16.791537743490075,100.56065377535286,39.88869742570634,47.52870216630316
1.7499527706779348,0.0,11.12048105543303,0,0.3353810865428717,6.967545951031035,55.11676135776361,5.415346370792148,8,516,13.3485726879008,119.83385780186696,37.24521938085671,46.42219935710426
1.1820527473853508,25.0,11.184093176273787,1,0.6491814479364739,6.833337082314961,89.19626875630203,2.476459743360112,8,613,18.561616490083292,371.01131657885765,30.15352001802471,39.227183262092964
1.0632568690223807,62.5,24.617909546233,0,0.5923327056978247,6.296074283677787,83.57398594093905,4.222914789872779,8,289,21.36012312771048,399.975221547604,8.840007574880492,50.0
0.7074069255958385,0.0,22.414364885043863,0,0.36557016506182294,5.940622078691578,21.536158896601563,7.969259174945376,24,281,12.780448520073538,57.46953898007212,39.552521549989336,38.50455859271359
2.120562713725504,62.5,6.436006756071673,1,0.5788962712029377,5.175238742035479,68.3992236588524,1.3437664022195235,7,205,20.486077678614283,377.1072959850881,25.600899035674832,50.0
0.7060018918767459,25.0,22.802180819382347,1,0.6403941543206924,6.807180311064951,85.05531220933474,11.62588486686422,4,741,13.801145552191576,282.6160046741001,38.67694207682447,40.94110904149917
2.7342116511810746,62.5,3.8801830804778032,0,0.733772786106299,7.030294580476137,93.16443941762883,11.000051797670556,3,669,19.012809343140617,199.44326734660987,2.6605773843829073,50.0
0.417984181697088,0.0,21.40808093913001,1,0.5485185420200525,5.724635300056164,59.81285977147176,1.9306159095915332,7,222,13.83856037243417,381.8746557395617,7.765357976071667,50.0
0.8717588314668566,0.0,4.991422729885424,0,0.4910114682470638,5.666180279482264,19.23930104573063,10.55188903189279,8,297,18.00013554887304,285.47727292852016,27.412628523251602,41.529904789883126
1.452755124945433,25.0,10.92728204800992,0,0.699407518892478,7.068743347506162,56.70674424027567,4.614283404030716,7,424,14.376245842292231,237.4618088476304,36.38000873468127,45.605523242180325
1.2411380956502172,62.5,24.60607996607432,1,0.7105341858273272,5.750694875974563,67.25026314251836,1.742548933783516,5,686,17.41698062153273,83.81070560790049,7.8555062989196,50.0
0.8203907604256736,100.0,2.8776989455296436,0,0.4622571340018912,7.445342145499468,28.70392802896661,4.367241177210852,8,645,18.00157869145677,97.77758074831593,13.366831345379865,50.0
0.17482864054720973,0.0,21.07480158921613,0,0.311893849342276,6.123663769494003,97.3541452483176,9.897762436390135,6,676,18.185203251071435,364.6006944264982,23.93891592883501,42.3468465556343
0.9754729543507046,12.5,12.62098176342766,1,0.8674143418455118,5.929406805193345,24.473972628191245,8.324145973847147,5,646,18.827988778067457,86.0155124778343,39.986779786093024,31.167226435465533
0.6402035599457376,0.0,3.219288461490204,0,0.7531718438755034,6.231575600849378,91.31254712964176,3.6241556073742762,8,526,12.690295753849425,12.922405717863183,32.18693838454012,37.62791897847977
0.5222470685593492,25.0,23.836038788072567,1,0.42066260067801237,5.929357785945187,43.667714237414984,8.91094124227266,7,324,19.033874038379366,106.49083915381831,37.01894838033276,46.94189753772706
1.5132586258902032,62.5,13.956168519411035,1,0.6393993905963191,6.9883486704433775,2.0543081536245857,8.78603225961593,5,512,13.545977242354136,192.22228784489258,27.32548884931196,50.0
0.1372659946669732,25.0,22.075705037146218,0,0.6569685184056417,6.820067097702771,55.2423291882979,9.171474998576382,5,446,18.770324531369265,152.78590429286325,35.21747955599944,43.53148702970787
0.843644974606324,0.0,21.793120078675393,1,0.37559317919740753,6.961674404925582,63.572014859899966,6.947223344301136,7,720,13.240376142374085,374.32119944402245,20.77475626036521,47.864820358107316
0.04049127314365012,100.0,0.8585472820470976,1,0.41499425240373494,6.329163818485844,87.19760861441317,10.008402173327733,6,419,16.794147105517553,167.4296177762006,5.842186762745493,50.0
1.247984347689293,0.0,6.988597237362979,1,0.8740239098782727,5.880551851184146,54.975197370085816,8.054984397526047,3,603,15.86768425981806,355.6210750659262,28.672739350028348,33.55076324521774
1.5243707960115562,0.0,8.754578700522236,0,0.6048065160125387,6.193655194800587,11.224679450967695,2.379391307188317,7,254,21.673463566432673,237.8651735957082,24.457521973595934,44.775054140280865
0.9652490399917976,12.5,13.604169115766876,0,0.41486533163608563,5.902012245900808,92.82772881201522,9.912815865308685,7,559,18.308091657444564,209.649868964741,19.92865250047949,46.80937577531523
0.5920295791008658,12.5,2.2607172411064775,0,0.7785448524564051,7.226617559228072,57.404769510696376,4.561449155489131,1,422,12.882059132513147,64.07825306175722,11.72464570519315,50.0
2.0995071135044046,25.0,10.029689009077403,1,0.5823439815200837,6.9015916066590215,28.610056813273545,8.75538190017023,6,411,19.008864614379615,108.41276551208905,31.583917475501945,50.0
2.195896578307444,12.5,20.45863402876587,1,0.6830472499636162,6.135933853199953,90.08814441587239,8.426448767009862,7,602,13.941383992789833,346.86671072761106,32.995993175243015,37.74840307214297
1.104013972223325,0.0,4.7431823176780314,1,0.4785009201831474,5.55146753026011,13.849520291969363,4.69503773140381,5,440,14.861503627133565,311.9828845931096,15.203239469968839,50.0
2.4201077928490515,0.0,17.681273627121378,1,0.3347424589537683,7.278587781742672,11.55331822330944,2.7785202433755036,5,185,15.784430404446418,178.9693457796325,37.18289582418781,50.0
0.41722839166332193,12.5,11.778070529988206,0,0.39896653413842653,6.295678894881011,54.430891192457004,8.644538967343934,5,383,19.762254403083993,363.608861707316,15.419926080375795,50.0
0.7813812492082988,25.0,2.2322754129638773,1,0.8838221418875911,6.108882777862286,63.23865432500854,10.33925688387351,6,727,21.4408093878639,327.67148123474146,5.194937297698516,47.405212177318155
0.0721959463979146,12.5,4.8456646079093915,1,0.6741530614969293,7.28475690380327,52.073998404364374,10.220544486279886,8,717,21.243351768479837,44.83373325160187,7.494606332912585,50.0
0.31140199755962045,0.0,3.955252927479438,1,0.7986511191446434,5.843035830635353,93.04122061701837,7.891553260530026,6,518,13.706836317940128,242.37219752092122,20.28610334594777,44.845859658133655
0.28593768200943126,0.0,15.683087234809452,1,0.3129117347542915,5.976751169069326,27.756441803157557,3.5014799670826324,24,532,12.604134773945798,319.5372826963236,4.114656740694339,50.0
1.2424855293022228,25.0,2.6394477726291323,1,0.7592775006926202,6.038468736136965,99.04303743585405,4.478309640332462,5,307,20.285330192795115,323.33765117366977,29.018089216520277,50.0
0.3320456888462671,0.0,20.664646129048577,1,0.5909712399251184,5.278401579850711,3.896234775706766,9.300904490333142,7,618,14.882182628315068,36.536471164050525,32.00873835661585,40.81617175338279
0.4884990928202458,12.5,20.263148707953977,0,0.6991847261227184,6.421014755798164,13.616331476694963,5.519393226776206,6,509,17.828261038229208,89.84446781214457,22.429264975117146,47.663909185852425
0.5424213133453891,0.0,2.46151892945917,0,0.5149230242044649,5.666358678725085,20.19627799068638,9.057471603149985,8,172,21.786274652363108,165.2157267235671,35.840589666228155,44.077184210853055
0.2560042632350656,0.0,22.260831344389494,0,0.6725212960913343,5.800494787382214,9.798421251343612,4.403949918524383,24,719,13.864220053720704,100.65243777647726,38.21717220310382,30.478149387853843
0.9104955130966262,0.0,23.99944022906687,1,0.3213718606726548,5.706895164418835,44.94535091004342,1.0695007119040516,6,661,15.74855891856855,43.575258679198114,18.455662420715665,43.62947732602064
1.038889405519495,0.0,1.5649684054405046,0,0.3273532275220265,5.78905085768724,86.80647321978773,7.638390711219567,6,198,20.67598946146116,251.52017186438465,4.475959560700972,50.0
0.19701220696674557,25.0,23.783074419352374,0,0.7793018459430887,5.61275987518893,82.43441403425278,7.610079906159407,24,400,18.499805470780416,202.98938061509187,10.01930027604087,50.0
1.3816955439568912,0.0,7.346823150047302,0,0.37467916068026413,6.37304992433398,74.98617189266648,7.903101510579963,24,595,21.375530067528924,61.99590171942155,26.647025704826145,39.56078491466786
0.39188966754672394,0.0,16.786667549678167,0,0.3083903607516819,6.09108483526,2.726121389674854,3.9500419934533006,24,592,18.317193149588334,234.5527985108307,16.825590938942284,43.819007459660654
0.5352888587344439,100.0,4.782985782805684,1,0.8474738937819921,6.233605696745681,86.83919062211035,9.921780453427479,3,250,15.035699680408174,24.805981362585694,27.71536637183613,50.0
1.1888327098490346,0.0,20.527668315312777,0,0.45931905764612246,7.847651653523619,40.856911011611054,6.362135227134019,1,174,20.051086055224882,153.21642370932435,27.002672259958768,50.0
0.5393167439766227,12.5,21.126876868230386,0,0.6494292979778631,6.0911071732305615,73.70049994334013,9.386266998833317,6,740,19.592637549210778,317.00718541615475,24.609357327856834,35.34696072443017
0.3159641910375831,0.0,24.469364427314133,0,0.8033501823231028,6.623463335565456,73.2380310774454,7.722028108138911,8,686,21.336189410788634,356.019854626081,7.155470109060374,47.01504234200272
0.8705534932272715,0.0,24.817069823185403,0,0.7475442476552572,6.703124719535185,19.39706066741654,5.576778962825527,2,593,16.761669322130327,98.09385311982295,12.150696546227786,47.523639987885254
1.7641493618488118,0.0,2.3585138405126878,0,0.32797669248656,6.156000362945009,52.50869506326394,8.475895313046731,5,545,17.028392871343097,343.80351959568543,15.736603435286677,45.1670806477581
1.6178889026587047,62.5,16.620108231312827,0,0.636569220515306,6.391659392081527,92.76573397671527,7.324750916132611,7,561,15.238231003616754,356.70311205103815,33.15230160733198,36.24178353043382
0.4973123397865486,0.0,7.189631340231164,1,0.6250787202572639,6.214488733183698,27.778765748024234,6.617822467376761,4,424,14.687583345065333,242.7529218415758,27.606690633775184,41.309579826265875
0.366806594068859,25.0,3.576655747963057,0,0.5100481069262772,6.341790876998035,72.07272910415041,8.134165785112376,8,560,21.965278191412995,392.871159049912,26.152436374107214,45.50487270240321
0.4375039226277291,100.0,4.145487758519902,1,0.752137788821011,5.789438247456304,95.88900185079933,1.9453287400362231,4,332,21.77255516243894,98.47032895712276,27.21335644372794,50.0
1.6299680622842192,0.0,23.44271235374593,0,0.8784033947853118,5.854052083294124,37.34185521168045,11.012871982909717,8,200,17.29646463001178,27.589692840917436,20.624881176604454,47.167884413214225
0.4311753217472015,25.0,17.249406339460954,0,0.3883119923615484,6.211845577298154,39.98809992378191,4.685902506905964,5,336,21.550855823638365,337.3772607534226,2.545636903254474,50.0
2.340311570488733,0.0,1.7362932987415076,0,0.3871344022466173,4.819667449304305,46.35112590244021,3.4716225994573233,7,326,15.561554476064424,196.3722636798217,8.843706812459507,46.70386164506664
1.1779111441525536,0.0,24.61363691457927,1,0.7408416116765215,7.247250952835728,81.28584568360549,9.48975993443796,6,332,20.499943240746862,138.58155164072872,6.47178407621565,50.0
0.795873403392563,62.5,20.291399790837513,0,0.5726498460997669,7.712600612599391,45.04990273014377,3.5434407580177005,5,432,18.348681578453352,22.093132596360434,3.4958699113547156,50.0
0.4904393239102755,0.0,8.074892988442762,1,0.7771313583478296,6.3192451819473,49.65210368872278,11.95346585521166,6,228,19.170661141396643,25.849791528419395,13.459589271348639,50.0
0.8796552945361124,100.0,12.036233993339664,1,0.38464656578824236,6.665828424075704,23.787113997487168,5.625417957197873,8,394,19.18202932404243,36.28658027275704,31.721477476157588,50.0
0.31409056732644236,12.5,18.301111490450033,0,0.32391452648532604,6.956740369035348,98.8578164045147,4.262868495294576,6,428,18.358286500062633,73.4570082222615,5.49014034210837,50.0
0.20371703433383534,0.0,17.062786103066436,0,0.7187604449109847,5.272731182295212,89.45070708905003,1.6827157988868087,2,262,20.523280113201125,388.1603696894224,5.345478166194953,50.0
1.1860957275319892,0.0,11.845482020948776,1,0.8968266317724662,6.849794561699096,60.82492267678884,1.4598459510020216,8,422,15.920132506572429,112.56165682486001,5.846296748469179,50.0
0.7931311321787363,12.5,13.053552567127138,0,0.35687892617742034,5.901492143896043,96.13488700307204,2.0465461725440477,4,554,20.491889509630894,326.8189201809058,11.523045959001205,50.0
1.417569225553683,0.0,1.5585881702025968,1,0.8186027336702819,7.8035069608717915,69.32578114124324,1.0553611169332306,6,397,13.834151639205485,7.765512159776833,8.886078383857324,50.0
1.0140418555217,0.0,12.76551448993024,0,0.5311738444640488,6.068218301000914,95.99235198687795,4.597989773465343,6,151,13.99959420200057,128.7260244392803,1.5444835424701613,50.0
0.48363586435319417,0.0,8.836048847238892,1,0.3100737271758643,6.835727556220162,17.830514940483713,4.414998401108866,6,571,19.17343220392003,362.47697319441784,11.78359022978983,50.0
1.6166077027904713,0.0,7.483754411636431,1,0.6060130757827265,6.075110948747907,24.09482587650192,5.731009199824481,1,497,19.501298903275874,74.01631315259496,39.85548412158857,33.17111474818539
0.5333279033729531,100.0,7.105749406820557,1,0.46731252427489195,7.737684929431313,88.74788143656262,3.562152155652079,4,401,21.023010748675674,113.60940816539045,14.122971271381227,50.0
1.9376571531857356,0.0,16.399198985232985,1,0.7160418849121082,5.841354848072767,43.147690379408814,1.690152737385318,2,163,14.746829048047278,330.6059526852194,9.239102246979085,50.0
0.5194521570123088,0.0,11.016811707672305,1,0.47269837346105514,7.015562151129172,38.37345500205167,1.7827878074824364,6,203,12.560694523864425,48.55667458082906,20.332843250194703,50.0
0.2394673207600986,25.0,10.93215900648415,1,0.5890200740598277,6.638674517716362,75.92486492563305,3.0036101283570127,7,197,17.074717254068943,21.273276308953683,9.945370105729598,50.0
2.178504773956917,25.0,4.400081288111229,1,0.4203391508065135,6.483016973164912,63.77191469659724,4.482484795560262,7,661,20.753404653767923,386.3907019948977,22.82616285150781,48.26647871635226
0.5046313319656927,62.5,24.065657421968616,0,0.7968610548261363,6.360305180731341,35.71901677718978,2.6279125523706357,2,335,21.714658536468534,161.9167034748704,16.62557800963237,50.0
0.5350689812157885,62.5,5.986191960038509,0,0.8552588771208649,5.7330912376121965,40.990337580167235,5.016296059758723,3,405,20.578262952047314,263.1485079112461,35.97681141289852,42.55000023833416
0.25006668478075833,0.0,10.449675561719223,1,0.5420014525298783,4.389760582696146,42.02160831341511,11.144421686984181,7,567,16.89956449672605,50.84636456054059,37.18885122631677,30.076041296587785
0.7433036845941386,0.0,5.160016722403605,0,0.5693280195407895,6.952074475923131,14.380470150766335,3.877633104825785,6,543,20.63382236071031,88.07095914674532,28.809389063039216,43.16244306879138
0.2821561726733073,25.0,17.726999883534123,0,0.8896102039269191,5.857812622759001,24.49628508807748,2.8523924871391158,8,188,14.13970923869036,183.99230326396955,9.412075661869219,50.0
2.0927187793904465,0.0,11.185154288290931,1,0.38526928603479804,7.018720100577421,54.67796759704537,8.31253878302455,4,707,21.211696512348585,270.06128697151104,19.482043367064485,50.0
0.6034505023591814,25.0,10.634423505943488,0,0.7851717087540233,6.4461884375409655,78.61906092329295,6.399691417567684,3,309,17.668459610180474,117.29916445063657,12.911503514589151,50.0
0.3732054845081021,0.0,21.939824692032143,0,0.6403671635101448,7.0401797467140845,43.06673187406365,1.5197941739018286,5,610,15.893635858021021,353.85350041601674,32.13282129528504,40.4134574243343
0.8467640481708644,62.5,19.107256319939605,1,0.8284406525425128,6.761324764076631,39.568574359424,9.665880642830277,7,649,17.816411821643218,312.45760144930165,2.1377902569944256,50.0
3.3635328913831186,25.0,13.236938795784932,0,0.47545712689614716,4.47471337366456,65.75058304599068,8.868772690391538,6,473,19.84008209867195,220.62315634341553,26.837176079448316,37.98214183481588
0.8764074230143195,12.5,11.980464899007858,1,0.477694779732206,6.630426931373598,17.410878660260863,11.750281979143754,2,247,14.401215127647664,183.68447337585906,13.605846219620975,50.0
0.6725887033795039,0.0,24.017584246027866,0,0.4954919688332442,5.959427160069861,39.313531792876105,11.321372815185253,2,477,13.018798027687358,247.8170170970036,19.759178715486886,44.4489644607918
0.8314431824685257,100.0,23.933323034935306,0,0.30997864939377323,7.0155078310877235,22.397351147305397,7.426731229877684,7,296,19.331201036621813,292.6652665788181,13.596803880273573,50.0
1.4683197998514816,25.0,17.766886263792248,1,0.40193573944683497,6.61384524659576,65.86133096413565,8.546234229386737,5,659,21.52468966332923,53.980118116287954,15.226811063076198,50.0
1.3756261534516137,62.5,19.123624198917607,0,0.8967519846718952,6.6220783265759255,13.011673461775585,5.504575063855098,7,602,18.369780919742396,341.0565450243542,27.300142912921036,43.13842381203709
0.9916965682011168,62.5,22.527776249768486,1,0.44936914427035957,6.009430043004225,45.8866363210394,10.773139051819513,5,644,13.425834540902247,195.76111346309807,24.224279003760262,49.210324160516855
1.6630234064465372,0.0,24.125564518833073,1,0.31195025865638343,5.561175665524546,60.42584159505603,7.0808970771928275,5,647,18.433853694570566,374.13759592382064,10.519480582098623,45.635000810992274
0.8675239182705202,0.0,2.515731773635171,0,0.46712418842309744,5.896979128720632,83.70019340206754,4.5810645896855,4,257,13.166320961808834,382.2169584456461,2.701867497757464,50.0
0.7178277223926162,0.0,24.934801395529252,1,0.5450341007907521,4.9400754169283365,73.00602508975828,1.104406411005408,24,168,15.035247530199118,12.28672840723406,34.38485058426975,37.76860968356387
0.8531396783942948,25.0,17.724044266750266,0,0.6286723675694301,5.786759385817348,94.40058585935856,7.450947414746997,1,525,12.315977011989665,153.79239030755878,20.199960583317683,46.05838081576434
0.5221497586199241,12.5,15.022248927694877,1,0.34113961191925585,5.1750886303223975,68.62808391078865,6.77977279566384,3,518,16.875016240879,210.48936529850613,25.13047874571815,43.34987709277748
1.4902840884671595,0.0,10.622594570508994,0,0.7742573518228597,5.193581437369533,36.220584220217624,9.930648956494135,8,669,15.213541855079011,215.83819525094833,20.05147162609435,33.07879887687697
0.5012652097246899,100.0,8.741552395307917,1,0.7953007609182347,6.281535193058347,24.708940486413354,3.0570508893730004,3,532,12.97521889845397,328.9573467388036,25.13866807038934,50.0
0.10864360569061807,0.0,20.203150108837445,0,0.42789634732302084,6.573834257652773,7.545075558566346,9.969413946320753,5,631,15.090273022826517,56.4415949715074,25.451926400144345,42.54947576592526
0.2023899813515584,25.0,16.533658885392008,1,0.7790509129409873,6.177744563877349,29.203586437576725,1.1681197128111993,4,359,18.47570119416163,248.99307587796912,1.5865809334217595,50.0
1.0667054657647588,0.0,5.417276636126604,1,0.5168561444647539,5.850846651863119,15.411171506976675,7.460447154697055,7,224,14.890815555004707,377.03879513810506,21.797105547384728,49.06407045521597
0.4334122519274261,0.0,15.442820409783145,0,0.5538661067295807,5.536814286432752,38.18402821868482,5.365376413693692,6,172,13.4307211739293,398.6764775217146,20.58221078725859,50.0
1.3986022035439976,0.0,3.9585694921759016,0,0.8618329525884101,5.977964905344702,70.85265764675533,4.646725734766309,8,411,17.447974650257787,4.034216391897427,4.736883135273201,48.14785091621473
0.7988630321320694,25.0,12.67343324940015,0,0.8351426345760105,5.624443871140578,69.81933437288829,5.766255638833926,8,151,19.53227270586483,389.0269131593769,30.08939257885592,46.4091530120149
1.4825132368011487,25.0,14.794712126948887,1,0.5250664279142935,6.156018480515082,33.18031007766632,3.459506348189799,6,460,20.30141356206458,48.88401111211844,10.198515412207197,50.0
0.12136783138818086,0.0,16.074259733228793,1,0.5928661834335616,5.134927758144766,51.838132320376616,3.0176821840997268,4,390,16.72097113113144,214.78021508774486,3.1264885624054015,50.0
0.49799453242357317,12.5,4.058923648224162,0,0.4719142728197955,6.69092230474401,23.243613840576316,9.856175724015946,8,304,19.1107242092372,98.54792371337587,32.32319998925296,50.0
0.3623225157969158,12.5,2.8421639519438733,0,0.6092605550091971,5.803078214547016,51.29171841633379,3.505341302537121,24,504,20.33327748444102,242.5564149576133,34.74013830117874,37.49135461755174
3.803346172924602,0.0,6.838350066396267,0,0.7091447417009659,6.463379830197637,51.98802387055119,9.106691939460026,8,557,18.728892305717256,14.810636680159073,10.387095496286028,50.0
0.5703513898865805,12.5,15.37223088778803,0,0.35560061836537893,6.821055396941834,31.527090214003383,8.824965988868955,2,173,17.272714050833063,95.33307226911757,27.814275161063954,50.0
0.1992782926146172,0.0,23.326228942287607,1,0.8519046757054138,6.4295096173517,27.427844031577788,1.3674045727770272,7,435,12.599393671409029,120.23025327958892,1.1930762884373762,50.0
1.0520538517974252,62.5,19.588526507058663,1,0.731324380886808,6.759388752718658,97.99829747020483,10.691796622062997,8,713,14.900343745958267,366.2428728318735,29.124848376909885,43.78594518544144
0.33439504414488197,25.0,18.769907866724473,0,0.3580516098969433,4.753352516002151,54.63810408767786,9.682906431027183,24,328,15.198151574457267,233.4518187393849,19.127997294185104,41.97482719215394
1.5913154398212621,0.0,8.59069244166404,0,0.8213933951873056,5.85500033540728,57.08350989457697,9.756739743657226,4,618,15.95011250934079,283.28388894388945,31.906841152263677,35.45368489125944
1.7784485123873799,25.0,3.2368308044913845,0,0.7462097197456994,6.972153666752359,2.7638208560700654,9.901101574409296,8,352,21.50892703304313,270.4060733268281,16.328324933971146,49.63537731343799
0.3655422038553617,0.0,22.352515449946175,0,0.4878760900996493,6.556460676821355,19.820396600274115,7.408085519825701,7,312,14.088753423528429,156.91533463967312,14.691953373310485,48.86837611385634
0.44455261352727565,62.5,12.770910872907404,0,0.6128598529787268,7.493924285886024,36.94895225836223,11.927189535765384,24,664,17.415549110072938,5.60842742483425,33.79061013036136,43.9901740077185
0.9810101739238904,12.5,2.962515732004174,1,0.8160783955137996,7.393066335976912,96.66611276683933,2.970673545252006,7,363,21.912181066942203,42.808305306480364,2.507221218691472,50.0
1.6241243935067593,0.0,13.60673388787089,1,0.8808753738541673,6.409714494115446,19.173689960131643,1.7956952403584228,24,669,18.187945607806583,183.52339376148,8.29943448818026,48.03933825936969
1.0660704245962203,25.0,17.04755094529878,1,0.46864643756857943,6.023614966780635,31.72239171003303,8.745842196173642,5,542,14.089107236781818,376.5179115471601,17.07302588661584,46.98164845137269
0.571125316890391,0.0,8.337550725257291,0,0.6903349093963947,5.529092900853107,99.03538539092797,4.233309611352548,3,637,21.60190931778108,99.50312297341645,24.257188294266175,30.631334932090027
0.2409562620861377,62.5,0.7265988262490779,0,0.8161481543956566,5.866934004125327,49.14864694891782,7.69056546323058,5,638,15.362926690538169,279.3274878473816,1.1993880115645719,50.0
2.483098697651394,62.5,15.729370572620171,1,0.8929001093057671,5.9142271640574435,33.2039619960822,5.30871774232727,8,698,12.47870709598631,330.6383372405428,23.430760092027608,42.52316115726146
1.0849806231815404,25.0,1.4823402015223826,0,0.3424310931877873,5.7847255653328,64.16717420770837,4.668765743511038,3,482,16.313617674596806,362.714113673104,15.761209045718218,44.543868892514254
2.8402864678349196,12.5,11.103435626344087,1,0.6021731794924972,5.557163576581268,50.6376238826115,10.825734870543597,7,721,14.406556961750482,117.39456480308039,25.57007970429857,34.81585677507004
1.20010812658429,12.5,20.706993089107755,1,0.8241994571036892,6.481103611265431,95.83001098086288,2.562478044731251,24,185,20.188637730953452,372.5132698243015,36.37197974397995,44.94358491940601
2.5950904467770686,0.0,24.971766992390766,1,0.3018948745797169,7.387647774699564,10.153114703220433,3.07884219833014,24,445,14.199558342472553,243.19290421527177,18.1940084534374,50.0
0.40981783730419025,0.0,9.572421392612103,0,0.5623411317632658,6.853279737761182,79.47369621073081,8.346249381570887,7,387,20.198540222378128,203.36271364710953,22.62856708868329,48.47730879448213
0.4370960358404813,62.5,0.9931096992548288,1,0.6505192344717796,5.974305959210774,29.35046508937253,9.608611140416428,8,208,12.361710165348097,311.3570527443539,19.048806821221433,50.0
0.6961229997182525,0.0,12.576125997499915,0,0.6158941851339685,6.909820193320496,81.0535944370427,10.154359411834136,3,673,21.291573179187896,95.48504534458608,5.622358125252664,50.0
0.381333334319142,0.0,7.26874723708381,1,0.739663611800549,6.442655606787218,85.0765933771209,3.5426468797647708,6,630,12.421935267850134,325.0320926163856,31.931406522137692,37.196643196620606
0.16744180890247712,0.0,22.372987832935216,0,0.3393132521723886,6.171506954344211,85.22384008629305,10.703247601183993,6,599,21.385398439869917,259.9850777766946,35.52263310237786,33.70720855839823
0.47769775937656533,100.0,17.931827183028503,1,0.771250034151506,6.127814092046817,86.93617849106536,7.705057220670108,8,530,12.736912758314961,319.7464515381401,32.647196670055706,47.155913160036754
1.1878907306816802,62.5,10.405920085745835,0,0.46990232168009005,6.060041903408216,72.37649566474289,10.055402608054475,5,511,20.72583602558423,342.2888780197836,37.95626639973093,42.879565191428775
0.2705506825084397,0.0,19.169691657495154,0,0.7945376319143734,6.65574628591609,15.955606378056302,1.7537413422354162,3,378,20.31332037649718,246.93897720951264,19.25311219407849,47.90579817433541
0.30070994688312735,0.0,8.859543788611846,0,0.5516927560675554,6.297769057593495,7.086454162880137,4.925837695839637,7,560,17.944238376074104,14.694043203387697,26.440548464606817,43.293503865596755
0.5041881297853108,62.5,13.28320783528785,1,0.3257511550817978,5.690104041696107,35.39499389052406,6.773503829397358,6,735,12.35986084065681,119.09906405266617,7.565322594536204,50.0
0.3438910951675333,0.0,23.108239355079675,0,0.8783488594028288,5.656203523629754,50.51684614388559,7.346527358405146,8,300,18.211428067696147,351.2078979846344,39.095516726030176,28.707240761314182
0.5287086543035474,100.0,5.403853022807222,1,0.7683295742982281,6.414132786897168,31.656848272476157,2.0897870948107675,6,353,18.1784642082686,250.78260438427898,23.641607945084807,50.0
0.7376608297093264,62.5,8.169921046714299,0,0.5086896193694097,6.500055850978293,74.73627952470841,6.92524069062393,8,215,17.571974749771694,356.02254504823077,11.204861215934303,50.0
0.28885657247501906,25.0,22.197038606910507,0,0.4620164209310179,5.9808071489782515,72.79946082125662,8.32035076402327,6,694,18.315255714467206,153.81140081971512,32.409596856386415,36.046279454847856
0.5141326590117118,0.0,11.816019827605087,1,0.6533782370700325,5.407596064077629,97.24860110914695,4.9775459434114,8,468,21.681074032452933,201.89098232292983,23.873153571134033,43.421861883140565
0.7905103534705216,25.0,8.28827630250268,1,0.8923767616943468,7.075675581959593,41.25616286894213,6.508131687086938,8,505,21.95507247656967,345.03697686836557,38.03732429678415,43.49149713046423
0.3951253132800041,100.0,1.4138174195065425,1,0.4741000945078486,6.927023226668971,79.00131075935681,4.218230638084659,4,309,17.2049580664584,304.81254310334515,31.029117782897153,50.0
0.24087087374719746,0.0,10.764349420879077,0,0.8689626700476918,4.808836449318552,74.63759713255007,10.57550299059184,5,171,12.918006242892355,151.00045251490752,35.21332810523668,39.99564946385193
0.42145970920204695,62.5,12.764727228535824,1,0.4982322717711534,7.137708046319471,98.89745268974478,7.591272673590289,24,632,13.339690436451779,9.052114416582091,22.319350346138066,50.0
0.5979898528744663,0.0,10.455155249366639,1,0.72245865915468,6.053716941866891,77.81429461851775,7.064012857494853,4,666,19.203508793400154,352.1358252630821,21.175028588472436,35.719597511429384
0.15793099096105587,100.0,7.297751227378691,0,0.5290406146752239,6.332990956019,29.790304008802092,11.387931684654811,7,354,21.819635872230656,314.54273859312775,30.53573237721619,50.0
1.200989328776533,25.0,9.54368925206972,0,0.35103133440518924,6.996756142036839,3.496695114517925,8.314246760261202,3,607,16.360552237319478,179.6643322865857,5.095545044318852,50.0
0.6244666418141169,0.0,16.239897564566135,0,0.8617136193679735,7.356777150640338,96.88028313892023,4.078057856933709,8,493,12.98038745911649,218.49619485607445,3.1072320678589422,50.0
0.4235057833600486,0.0,22.33635313909356,0,0.39835679682995756,6.9020056995318715,72.17476629678521,8.059283893133442,4,535,15.530445525049485,81.72480685362187,39.364387596782926,41.50763470353202
0.1866012882841926,0.0,16.417057653148795,1,0.8668148807985592,6.368721349265392,81.63544953771313,11.577858023185437,7,253,15.850102771205224,164.84043593434743,36.73552561956426,34.14818706986942
1.09246051412025,0.0,16.33097968135727,0,0.361984095557313,5.237051519587902,79.73792713401772,1.259140815200284,7,518,21.96595333885265,65.27817080458153,38.27077670855137,28.68860858818609
1.7906835388502862,62.5,20.513434118531507,0,0.4601684669738993,4.781637723210683,74.10458681933058,7.8925010771209365,4,246,18.865833532943874,84.22782943633437,3.4321984763594355,50.0
0.4947499638173745,0.0,4.545998054465025,0,0.8525540992167333,6.814711257317152,75.64449792124918,2.7251845697509425,6,281,13.178660860707465,338.547797329371,11.502755064491906,50.0
2.6757490141255653,100.0,7.876891921724392,0,0.6951245177445439,7.139421242021134,93.08690210783912,9.981054621730282,24,364,15.370767169424159,144.98895111126774,36.160152788566705,50.0
0.7620475349270862,0.0,1.7394790828843387,0,0.41369006150501736,5.629748597413367,91.58290562899042,8.047529826053827,7,278,12.485587124989259,325.8893291705445,4.489703498169172,50.0
0.7839018799279855,25.0,9.066126023394395,1,0.655255986873169,6.011154024682889,39.16422109231833,11.306884422665231,24,695,18.530605081114494,189.55994561911132,18.605945972227513,38.57543908568533
1.4454043796262228,100.0,24.97118266552939,0,0.4082347248213324,5.809913878130182,5.034229316019092,8.365356483071729,8,167,18.727392688770667,28.31111036230873,14.310362771359227,50.0
